id,review,label,,
권송송,바스크치즈케이크는 작은편이고 음료도 그냥그랬어요. 40분이나 걸릴정도의 퀄리티는 아닌것 같습니다...^^ 카페내부 히터도 잘 안틀어주셔서 넘 추웠어요. 직접 주문메뉴 가져다주시던데 테이블 헷갈려서 잘못가져다 주시기도 하더라구요. 좌석 특성상 앞을 보게되어서 준비하시는거 보는데 바쁘게 움직이는것 같긴한데 손이 느리신건지 너무 늦게나와요,0,,
이쑤쑤,점원들 졸싸가지없고 커피도 졸맛없음 비추비추 오케스트라는 개뿔 의도를 알수없는 인테리어 니맛도내맛도아닌커피맛 화장실도 밖에있음 휴지도없음 알바가 화장실 안내할때 개짜증냄,0,,
인플루언서 이,"컨셉, 플레이리스트가 훌륭했던 카페였어요! 인테리어가 너무 멋있더라구요 커피 마시며 음악 듣고 있으니 힐링 그자체 였어요♥? 직원분도 짱 친절하시고, 커피맛도 좋았어요:)",1,,
익명5272,음료제조하실때 마스크써주세요ㅠ,0,,
밍디38,라떼 맛있어요 직원분들도 친절해서 좋았습니다 클래식이 많이 나오는줄 알고 방문 했는데 제가 갔을땐 가요가 나오는 날이었는지 가요를 많이 들었네요 좋은 음향으로 음악 들으면서 얘기 나누기 좋은곳 같습니다,1,,
설탕달달,어쩌다보니 비오는 날의 덱스커피만 이용했었는데 공간을 채우는 사운드에 압도 되는 것 같았어요?? 직원분이(사장님이시려나??) 굉장히 친절하셨고 서비스로 드립커피까지 맛 볼 수 있었답니다! 비오는 날 또 즐기러 갈게요~,1,,
sagegreen,"처음 가보고 나서 홀딱 반했던 카페에요. 어쩌다 비 오는 날 저녁에 방문했는데, 원래 비 오는 걸 끔찍이도 싫어하지만 이 카페에선 운치 있게 느껴져서 오히려 즐기게 되더라구요. 친구랑 같이 갔는데 다음엔 근처 갈 일 생기면 혼자서도 종종 방문하고 싶은 카페에요.",1,,
누네띠네냠냠,음악에 진심인 사람들이 너무나도 사랑할 카페 덱스. 오디오 퀄 장난아니고 이 카페만의 철학이 너무 머싯다. 커피도 늠 마싯고…. 또 늦게까지학서 더 좋움.ㅠ 자주갈게용,1,,
부자되기777,커피가 맛이 없어요 분위기는 괜찮아요,0,,
쟝쟝96,정말 분위기 좋아요! 오케스트라홀에 온 것 같은 느낌이 들어요! 인테리어 디테일들이 너무 멋있어요 ㅎㅎ 커피도 맛있어서 좋은 시간 보냈습니다~,1,,
Bgyuhj,단체모임 카페로는 비추..,0,,
연월담차24,레몬파운드가 자꾸 생각나서 다시왔는데 커피랑도 어울리지만 맥주한잔이랑 가볍게해도 좋네요. 그리고 사장님이 친절해요??,1,,
비숑숑비,단발머리 여자분 너무 친절하셨어여♡ 처음 방문 해봤는데 예상했던 분위기랑 달라서 처음에는 조금 당황했지만 새로운 경험이었어요!! 주문할때 메뉴 이름이 개인적으로 조금 헷갈려서 버벅 거렸는데 친절하게 기다려주셔서ㅠㅠ 감동 받아서 담에 또 갈거에요 시그니처 음료 먹었는데 넘 맛있었어여????,1,,
uoupup,"음악 소리가 너무 커서 대화가 불가능해요,, 혼자서 음악듣고 커피마시고 싶을때 좋은곳인거 같아요 근데 커피도 맛없어요 화장실도 밖에있고",0,,
dnjfem05,사장님이 너무 친절하고 드립커피가 맛있어요 롱블랙이나 플랫화이트 등 호주 커피메뉴도 있어서 선택지가 다양하고 좋아요 특히 음악 듣는 것이 좋은 카페에요!,1,,
이이야아,분위기 편해요 좋아요,1,,
박세현40,음료 맛있는데 직원분들이 손님 앞에 있어도 시큰둥 있는둥 마는둥 주문 안받고 자기 할일 하네욤... 원두 찌꺼기 버리는 거 아님 콜드브루 물 받는거... 한참 기다리다가 겨우 주문했어요.. 그것도 주문 받아달라고 이야기했더니 더 기다리라고...,0,,
콘53,결제내역 본 직후에라도 죄송하다고 하셨으면 이런 리뷰 안썼을텐데 ㅋㅋ 영수증 달라고 한 후에야 사과하는 것도 이해 안가고 엎드려 사과받는 느낌이라 정말 기분이 나빴습니다 리뷰 쓴것중에 부정적인 리뷰 처음쓰네요 맛은 다른 리뷰들 보고 기대하고 갔는데 파이는 평범했고 커피는 밍밍했어요 굳이 부산까지 찾아가서 먹을 맛은 아니라고 느꼈습니다 부산여행 기분좋게 가서 여기서 기분만 망치고 가네요 감사합니다,0,,
콘53,8명이서 가서 디저트랑 음료 시키는데 1인 1음료 주문이라길래 알았다고 말하고 자리가서 고르는동안 재촉 3번이나 들었네요ㅋㅋ 귀가 안들릴까봐 배려해주셨나봐요 감사합니다ㅋㅋ 1인 1음료 카페는 많으니까 그럴수도 있지 하고 음료 인원수 맞춰서 추가주문했는데 7잔만 시켰다고 7잔 주더라고요? 아메리카노 위주로 시켰는데 30분만에 음료 나오는것도 신기했는데 ㅋㅋ 8잔 주문했다고 말하니 그냥 한잔 더주겠다고 말하시더라고요? 돈 없을까봐 생각해주셨나봐요 ㅋㅋ 이미 시킨건데? 주문내역 확인하고 8잔 주문한거 확인한 후까지 죄송하단말조차 하나도 없다가 영수증 달라하고 관련해서 따지니까 그제서야 죄송하다고 말이라도 꺼내던데ㅋㅋ 손님이 8잔 주문했다고 하면 가서 영수증 확인하고 오겠다고 말이라도 먼저 해야하는거 아닌가요?,0,,
쩝쩝학박사,여행 마지막날 친구들이랑 방문했는데 그날 사장님이랑 직원들 기분이 많이 안 좋으셨던건지 굉장히 불친절하시고 거지취급 당한 기분이었어요. 재방문할 일은 절대 없을 것 같네요.,0,,
백가람59,커피가 다양하게 많아서 신기하고 아인슈페너 먹은 친구가 정말 맛있다고 난리가 났었어요 ㅋㅎㅋㅎㅋ 재밌고 맛있게 먹고 갑니다 :),1,,
sara559,에그타르트 필링이 부들부들하고 맛있어요!! 에그타르트 보고 가서 음료는 기대 안했는데 커피랑 초코라떼 너무 맛있어요!! 더운 날 지쳐서 온건데 먹자마자 바로 당충전 되는 맛!! 재방문 의사 있습니다.,1,,
Loveyourseeeelf,3400원은 진짜 아닌 거 같아요 ㅎㅎ 추천받아서 다녀왔는데… 허허… 친절하고 분위기 좋긴 했는데… 3400… 2400원이면 맛있다고 느꼈을 수도 있겠어요.. 포르투갈이 가고 싶어지네요 ㅎㅎ 광안이랑 가까워 좋아요,0,,
asdf586,매장 넓긴한데 사람이 너무많아서 정신없었음..,0,,
Ella1647,쏘쏘 추천받아서 기대하고 갔는데 큰 특색은 없어요 재방문할 맛은 아닌..,0,,
Southbank,다 맛있어요. 신메뉴도 또 대박이네요!!! 체리 어떻게 씨를 빼셨는지 완전 먹기 편하게 깔끔히 손질해 놓으셨어요. 잘 먹었습니다^^,1,,
두근12,인생타르트맛집 계란 특유의 비린내 일절없고 파이비밑에 바닐라빈이 깔려있을 정도로 필링이 장난없음 신메뉴로 나온 펌킨바라기는 단호박 필링이 꾸덕한게 한 입에 다 안 먹어질정도로 크다. 시그니처 백차도 달달한 디저트랑 잘 어울림 여긴 광안리 갈 때마다 주기적으로 방문할 듯!,1,,
ASELL,에그타르트 원래는 별로안좋아하는데 여기 에타는 진짜... 먹자마자 헉 존맛이다 했어요! 음료받자마자 다 쏟아버렷는데 사장님 진짜 인상 한번 안찌푸리시고 다 치워주시고 음료도 다시만들어주셨어요... 진짜 친절하고 맛있고 분위기 잇고... 너무 만족스러운 곳이에요 사都 감사해요ㅠ,1,,
kje****,"우유도넛 생각보다 맛이 없네요, 맛보다는 비주얼로 승부보는듯. 물도 사먹어야해요. 직원들도 불친절하게 건성건성하게 응대하시더라고요..",0,,
제이0613,빵 맛있고 좋아요 나름 근데 직원이 별로…나머지분들은 어떤지 모르겠는데 주문받는 여자직원분(참고로 저도 여자입니다 혹여나 논란만든다 생각하실까봐) 설명도 제대로 못하고 말도 이해못하게 해줘서 덕분에 여기갔다저기갔다 쇼했어요^^,0,,
얘는,디저트 맛나요 커피는 대기가 너무 길어 취소해 맛은 모르겠고 향은 좋았어요 카페가 무지 큰데 주말 자리 착석 힘들어요 사람 너무 많고 정신없어서 멋진 오션뷰와 맛난 음료는 제대로 못즐김니다 주말과 휴일을 피해가면 좋을듯해요,0,,
상상해보자63,"빵포장하는 남자직원은 빵포장비닐에 빵에 있는 크림 반은 다 묻히고 성의가 없고, 음료계산 남자직원은 묻는 말에 신경질내는 이상한 행위를 하고 직원들이 간이 배밖에나오는 불친절한 행위를 함. 사람도 많고 직원들 관리가 제대로 안되니 배가 부른듯 불친절함. 이런 불친절함은 까페서 처음 느끼는듯. 커피값 비싸고 양도작고 ,뷰도 항구기계보이는 이상한 뷰! 그래도이건 그나마 참을수 있겠는데 툴툴거리며 대강대강 신경질 내는 직원들은 불친절의 끝판! 비싼돈주고 이런대접 받으러왔나싶어서 심히 불쾌함! 음료계산하는 남자직원은 어디서 놀다온 사람이 알바했나 건들건들, 빵포장하는 남자직원 입튀어나와서 이쁜 빵 골라났더니 거지같이 비닐에 다 묻히고 기분이 개판됨. 이쁜빵 찌그러지게 포장하기.뭉게",0,,
0파아란0,"음료파는 남자직원 상당히 불친절해서 기분이 불쾌해짐. 직원들이 불친절하고 교육을 받질않은듯 함. 물어보는 말에 화내는 직원도 있고 , 자기멋대로 손님신경안쓰고 툴툴 거리는 직원도 있고 뭐이딴 까페가 있나싶음. 커피값아메리카노 6천원등 비싼데 양도 작고 그닥 맛도 특별하지않음. 뷰는 좋을듯 했으나 기장바다뷰가낫지 무슨 조선소 뷰? 비싼가격에 불친절한 직원에 불쾌하고 돈버리는 느낌의 까페였음. 음료계산 직원은 손님에게 상당히 불친절 ? 어디서 길거리서 놀다온 깡패놈이 알바하나싶었다. 비싸도 직원교육좀 똑바로했음 기분이 안나쁘지.",0,,
maple770,빵도 맛있었고 카페 라운지도 크고 깨끗했으며 더 좋았던 것은 바다가 보이는 경치를 볼수있어 좋았습니다~^^,1,,
부피,"딸복이 羔 맛있죠?? 복숭아맛이 잘 느껴져 넘모 취향저격,,?? 흑임자 크림라떼 겁나 꼬수워서 할매입맛에 적격이었음?? 베이커리 종류도 다양한데 맛까지 있어 또 가서 1디저트는 무조건 주문할 거예욤?? 직원분들도 굉장히 친절쓰???? ????장점 1??매장 앞 5대 주차 가능, 만원 이상 구매 시 맞은편 동아주차장 1시간 지원?? 2??과일청과 베이커리 및 디저트 모두 수제로 직접 만듬?? 3??1층 테라스 애견동반 가능?? 4??넓은 규모와 좌석으로 죽치고 앉아 편히 쉬다가 가기 제격?? 5??곳곳에 거셀존이자 포토존이 많아 포토존 맛집??",1,,
hui****,빵이랑 디저트가 엄청많아요 카페규모도 엄청큰거같아요 뷰도예쁘고~~,1,,
bor****,가본중에 웨이팅이 가장 긴 곳. 빵 구입후 한시간 가량 음료 기다림.ㅎ 뜨거운 커피가 그리운날인데 미지근한 라떼~^,0,,
리나강,"매장이 워낙 크고 테이블도 너무너무 많다, 손님이 쓴 테이블을 직원이 치울 겨를도 없이 다른 손님이 자리를 얼른 잡아야 할 정도로 사람들 주말에 많았다, 오히려 가을 날씨에 밖이 시원할 정도로 에어컨을 틀어도 시원하지 모를 만큼 매장이 진짜 넓다. 시끄럽고 사람 많은거 싫어하고 줄 스는거 싫어하면 가면 안됨, 주문시 줄이 길다.",0,,
홍아6859,밖에서 보고 건물외관이 독특하고 주차가 편해서 일단 들어와봤는데 베이커리들이 너무 맛나게 생겨서 하나 챙겨서 아이스 아메리카노와 함께 먹었는데 이집 커피가 정말 예술이 네요!! 별생각없이 집어든 토마토햄페스추리는 진짜 별미에요!!! 꼭 드셔보세요! 알바추천은 배신을 하지 芙六 ㅎㅎㅎ 한적한 날에 조용하게 편안하게 즐길 수 있는 좋은곳 알ト太 넘넘 좋네용!! 지주 애용할듯 싶어요!!,1,,
권호랑a,루프탑 있고 매장 넓어서 쾌적해요. 주차 지원되는거 너무 좋네요. 카공하는 분들 추천드려요.,1,,
쥬블리야,"디자트, 음료 가격이 비싸네요",0,,
말즈럽,"빵이 가격은 엄청 비싼데 맛은 없고, 상하목장 우유쉐이크를 시켰는데 토핑 마냥 위에 먼지가 가득 박혀 있어서 바꿔달라 했어요..그냥 한두개 올라간거면 저희 옷때문인가 하겠는데 진짜 가득 올라가져있고 쉐이크에 박혀 있더라고요. 그리고 빵에 똥파리가 올라가져있길래 말씀 드렸더니 파리 앉은 부분만 떼어내시더라고요...",0,,
aaaaaaa66,카페 내부가 깔끔하고 음료 종류도 다양하고 맛도괜찮았어요 ㅎㅎ 경성대부경대역 근처에 대형 카페가 생겨서 좋네요 >_<,1,,
goinlove1218,우선 외관도 분위기가 있더니 실내도 아늑하고 복잡하지않아 편히 이야기나누고 왔습니다 친절하시네요,1,,
SOY1010,음료 받으러 가서 포크 접시 문의했던 통통한 남자 직원.. 정말 불친절한 눈빛으로 귀찮은듯 대답하더라고요. 친절과 대우를 바라지도 않아요 주업무는 아니어도 고객응대를 해야하는 직업인 사람에게 무시와 귀찮음을 느끼니 다시는 여기에 오고 싶다는 생각이 안들었어요~~,0,,
부피,"시그니처 흑당 라떼 달달한게 너무 제 스탈이었어요?? 달고나 버블티도 넘 맛있고 대체적으로 가성비가 좋은 거 같음!! 햄치즈 그릴드 샌드위치는 주문 즉시 만들어 주셔서 뜨끈하고 맛있게 먹었어요?? 아마 대연동에서 카공으로 젤 좋은 장소는 이곳이 아닐까 싶네요?? ????장점 1??2층은 대화하기에 최적화, 3층은 집중하기에 최적화 되어 있는 카페로 분리가 되어 있어 아주 좋았음?? 2??한 끼 식사 대용으로 적합한 베이커리류들이 잔뜩 있어 굿?? 3??공간 매우 넓고 쾌적하여 카공하기 젤 좋은 장소??",1,,
행복사랑건강64,망고요거트는 꼭 드셔보세요! 망고러버들이 좋아할 맛!!! 통통한 토스는 식사대용으로 ok! 2층과 3층이 나뉘어져 있어서 혼자 올땐 스터디 할 수 있는 3층이 좋겠더라구요!! 아이도 토스트 잘 먹고 음료도 잘 먹어서 굿굿!!,1,,
yoo9077,"제 평일 출근지를 소개합니다.??????? 마이너스 할 것 없이 모든 기분을 갖춘 곳이라서 매일 올 수밖에 없습니다 쾌적하고 편안한 공간, 친절한 사장님과 알바생분들, 넓은 테이블, 편안한 의자. 안 올 이유가 없음 ?????? 1. 학습/업무에 집중하고 싶을 때 - 3층 추천 드려요 2. 쾌적하고 넓은 공간 찾는 분 3. 만남의 장소로도 최고! 무엇보다 커피가 맛있고 디저트도 짱짱?????? 항상 쾌적한 장소 맛있는 커피 감사합니다 번창하세요 사장님????????????",1,,
크크31,사진 찍기에는 좋은데 빵은 차가워서인지 그냥 쏘쏘..가격은 사악한데 비해 직원들은 무표정에 친절을 기대하긴 힘듭니다~,0,,
봄밤8336,주말은 정말 아닌듯.. 비싼돈주고 자리는 별로 안좋은곳.. 좋은자리는 기다려도 아예 안나네요 넓은만큼 개방감은 좋지만 울리고 시끄럽고 한번 가볼만하지만 두번은..,0,,
맛며느리,"대연 셀렉토~~유레카 주차도 되고 공부도 회의도 할수 있는이곳 거기에 음료가격도 착해 2,3층으로 되어 카공족을 위한 좌석과 단체 회의석 1인석 까지 준비된 이곳 스터디 카페 갈 필요없이 음료와 간단한 토스트 먹으며 공부할수있는곳 넘 좋아요",1,,
sus****,점심으로 먹을만한 토스트와 샌드위치류도 다양하게 있어 너무 좋고 리치에이드라는 특별한 메뉴도 있어 꼭 먹어보고싶게 만드는!! 그린티프라페도 맛있어요ㅜㅜ,1,,
나는여신님,매장 넓찍해서 수다떨기 좋네요♡♡ 혼카페하기도 눈치안보이고 커피맛도좋고 디저트도 맛나용♡♡,1,,
let****,스터디카페처럼 공뷰하거나 책읽기에도 좋구 토스트맛집이네여!! 샌드위치랑 토스트 든든한 한끼가 돼고 대학생들 정말 많이 와서 공부하내용 ㅎㅎㅎ 새건물에 엘레베이터도 있어 편하구 매장도 깔끔하구요.????,1,,
gre****,노트북이랑 공부하러 가기 좋아요. 2층은 카페인데 3층은 카공족을 위한 공간 느낌 낭낭합니다. 그리고 음료수랑 빵도 맛있어요 굿굿,1,,
ssghwan36,1층 실내에 앉았는데 갑자기 탕탕 소리가 너무 많이나서 보니 직원이 커피찌꺼기를 털어낼때 통에다가 팡팡쳐댑니다. 너무 시끄러워서 쳐다봤더니 같이 노려보더군요. 먼저 여직원이 할때는 시끄럽지 않던데.. 직원중 키가 제일작은 사람이던데 싸우기싫어 그냥 나왔습니다. 나갈때보니 직원들끼리 모여 쳐다보며 수근대더군요. 기본적으로 인성이 안되먹은것 같습니다.시끄러워 다시는 가기 싫습니다. 주인분이 이글 보시면 꼭 시정당부 드리겠습니다.,0,,
덕핑,헤이든 리뉴얼돼서 좋네요 전에 건물은 별로였는데 옥수수타르트는 밀가루맛도 많이나고 버터크림이 느끼해요,0,,
gimi004002,매장이 어수선한 느낌,0,,
AhYeah,타르트가 너무 딱딱해서 치아가 넘 아프네요!,0,,
풍선489,대신 불친절해요,0,,
yoo9077,"쾌적, 깔끔, 친절해서 학습하기 적합한 장소입니다. 넓어서 점심시간에 붐벼도 전혀 시끄럽거나 복잡스러운 느낌이 없어요???????? 커피도 맛있고 디저트도 대부분 다 먹어봤는데 JMT ???? 더더욱 번창하셔요>.<",1,,
kal2521,커피랑 티종류가 많아서 좋았어요~ 토피넛라떼 고구마라떼 완전 꼬소하고 자몽차는 향이 장난아니네요~ㅎㅎ 인절미크로플도 고소하고 쫀득하니 넘 맛있었어요~ 인테리어 감각적이고 분위기도 좋고 맛도 좋아서 조만간 다시 오려구요,1,,
알뜰한 클로버,커피와 디저트 모두 맛있어서 좋아하는 카페예요?? 디카페인 원두 진짜 맛있으니 꼭 드셔보세요!???? 소금빵도 괜찮고 스콘도 정말 맛있는데 이번에 에그타르트 먹고 완전 반했어요?? 얼렸다가 에어프라이어에 데우면 겉은 바삭하고 속에 꽉찬 크림은 아이스크림 같아요????,1,,
Fluke,"커피를 마시러 간건 아니고 지나가다가 빵을 사러 갔는데, 응대가 조금 별로라고 생각되네요. 파리바ㄱㅌ나 뚜레ㅈㄹ를 생각하고 포장을 해달라고 한건 아니지만 먹던거 담아가는것도 아니고 기름기있는 빵을 그냥 덩그러니 종이백에 넣어주길래, 그러면 빵종이 바닥이 기름으로 젖지 않겠냐고 기름종이(트레이 빵 담을 때 쓰는거) 깔아주먼 안되냐니 원래 이런데 한답니다. 원래라.. 사회 생활 해보신분들은 알겠지만 “원래 그렇다”는 말 만큼 형편없는 대답이 또 없는거 아실겁니다. 그러려니 하고 넘어갈수도 있겠지만 돈은 빵집 만큼 받으면서 포장은 대충 해주고.. 그런건 아니지요. 대단한 서비스를 바란게 아니라 상식적인걸 요청한것이지요.",0,,
나초킹,에그타르트 주문했는데 소금빵으로 계산했더라구요 가격이 똑같은 줄 알았더니 소금빵이 600원 더 비싸던데 계산하는데도 사람이 너무 많아 줄서있어서 그냥 먹고 나왔어요 다음부터는 잘 확인해서 계산해주세요,0,,
겸손정,매장은 너무 더러워요ㅜㅜ 빵가루에 쓰레기 뷰만 좋아요,0,,
jun****,가격은 있는편이지만 가격만큼 너무 만족스러운 곳이壕윱求!' 영도 바닷가를 바라보며 먹으니 최고馨 곳곳이 포토존이였어요!! 확트인 오션뷰와 맛있는 브런치와 디저트가 있는 에테르 추천드려요!,1,,
냠냠먹방,늘 힐링하게되는곳?? 못간새 메뉴들이 엄청 다양해졌네요^^ 사진맛집!!! ㅎㅎ,1,,
miell,카페 뷰는 좋은데 사람이 너무 많고 정신 없어요. 40분만에 커피 받았다는 리뷰 보고 오래 걸릴거는 알았지만 40분이 넘어도 안 나오네요 ;; 사람 엄청 많은데 커피 담당 직원은 두세분 정도?? 그리고 화장실이 너무 더러워요…어휴.. 진짜 토나올 정도로 더러워서 어떤 손님이 보다못해 이게 어딜봐서 카페냐고 거렁뱅이 화장실보다 더럽다고 그러면서 청소 하시더라구요;; 진짜 술집 화장실보다 더러워요… 직원들 진짜 너무 너무너무 불친절하네요. 주문하고 오래 걸린다는 말도 없고 참 … 저도 서비스직 일해봐서 바빠서 정신 없는건 알지만 카페 체크도 안 하고 참 ㅋㅋㅋ 여튼 두 번 다시 올 생각은 없는데 불친절한 직원들 보면 배짱장사라는 생각만드네요,0,,
akstjs19,"음료가 너무 늦게 나왔어요. 30분이후라고 했는데, 40분쯤 걸렸어요. 오래 걸리는 거에 비하면 엄청 맛있거나 그런건 아닌거 같아요. 그냥 먹을만한 정도입니다.",0,,
강제하지마라,무슨 음료가 1시간 이상이 걸려요?,0,,
peg****,태풍이후 정돈이 잘 안되어있는 느낌이에요 사람너무 많아서 자리찾아 다녀야하고 사람들이 많이 오며가며 하는데 빵이 너무 오픈되어있어서 좀 싫더라고요 음료는 주문후 30분정도걸렸어요,0,,
한****,사이드 메뉴가 종류가 많고 맛있어요 커피도 맛나고요,1,,
sona kim,"그냥 어느 브런치, 디저트 가게 일 줄 알았는데, 생각보다 맛있어서 기억에 남아요. 뷰는 역시 바다보여서 예뻤구요! 화장실도 깨끗해서 이용하는 동안 기분 좋았어요??",1,,
요롤롤리로,"분위기 정말 좋아요. 분위기도 좋고 음료나 디저트도 정말 맛납니다. 즐거운분위기의 즐거운 사람들로 가득차있는것같아요. 조용한곳도 있고, 시끌벅적한 자리도 있어서 골라앉으면 될거같아요. 부산대앞에 이런카페가 있어서 너무만족합니다. 공영주차장비가 아깝지않았어요",1,,
sinwony48,우왕..진짜 화장실이 넘더러워서 깜놀했어요ㅠ 청소를 잘해야할등,0,,
미쯔81,40분 걸려서 나온 커피입니다 저는 다시는 안올생각으로 리뷰써요^^ 사람이 많은데 직원수가 적은건지 회전진짜 안되고 반납대에 쓰레기 그득그득.. 종이컵은 왜 두개씩 겹쳐서 쓰는지 이해도안되네요,0,,
해래삐삐,"사장님 번창하세요 ?????? 여러분 여기 진짜 숨은 맛집입니다 ,, 1층 2층 공간도 널널하두 인테리어도 예쁘고 카공하고 싶으시면 2층에서 집중할 수 있는 존도 있고 이야기할 수 있는 존도 있고 ,, 하루나 커피도 너무 맛있어요 ㅠㅠㅠ 밤 커피인데 당충전 진짜 최고 로투스 크로핀도 공부하다가 욤욤 먹으면 얼마나 맛있게요 ?? 진짜 강추합니다 조별과제나 카공, 넓고 분위기 좋은 카페 찾으시면 하루나하세요 꼭 ?????? 사장님 적게 일하시구 많이 버세요,,",1,,
실버찐,독특한 인테리어로 멀리서부터 한눈에 띄는 부산대 카페에요 : ) 전에도 저녁 감성이 좋아서 늦은 저녁에 방문했었는데 이번에도 저녁에 방문하니 조명이 은은하게 비쳐 업그레이드된 감성 카페를 느낄 수 있었답니다 아이스 초코라떼는 프랑스 발로나 초콜릿을 직접 중탕하여 만든 달콤한 라떼로 위에 크림이 가득 올려져 있어 달달 고소한 맛을 동시에 맛볼 수 있었고 진한 초코의 풍미가 정말 좋았어요 >_< 그리고 시그니처 메뉴인 하루나 커피는 라떼에 핸드메이드 밤 크림을 얹은 커피로 고소한 밤이 씹히고 밤 맛이 커피랑 정말 잘 어우러지더라구요! 하루나는 '유채'의 방언으로 아름다운 우리말이에요 유채꽃의 꽃말은 쾌활. 마음이 시원하게 트이고 음식을 먹고 쉼으로 인해 몸과 마음이 새로운 힘을 얻게 된다는 의미. 하루나 최고?,1,,
rkddlwoauddhksth,바다뷰 말곤… 기대햇던것 보단 실망,0,,
평상심9930,복잡해요,0,,
Neull,마늘바게트 존맛 ?? 분위기 좋고 공부하기에도 좋아서 자주 오게 되는 곳! 에이드도 유채꿀이 들어가서 그런지 맛있어요,1,,
바나나쉐瀁,사람 매우 많음,0,,
열라면33,시그니처 하루나밀크 맛있어옹! 밤 크림이 달달구리! ㅎㅎㅎ 테린느도 꾸덕하니 맛있어요 분위기가 좋아요 ??,1,,
윤마C,대형까페인데도 불구하고 청소하는 사람도 없고 화장실 테이블등 전체적으로 지저분함,0,,
gus****,분위기랑 노래가 너무 좋고 액설런트라떼 존맛이에요 ㅎㅎ 가격도 적당하고 대형카페느낌이라 더 좋은곳 혼자공부할수있는 공간도 있어서 강추,1,,
참새미,음료를 가지러 계단 올라가야하는게 너무 불편해요 ㅠ 음료는 퀄리티에 비해 비싼거 같아요. 너무 덥고 힘들어서 자리많은데 갔는데 넘 비싸고… 다신 안갈거같아욤,0,,
하늘색슬리퍼,가게가 너무 이쁘고 사장님도 친절하셔요 너무 맛나요,1,,
seon3273,솔직히 커피.디저트 모두 가격대비 별롭니다. 가격에 비해 퀄리티 떨어지는다고 말하는게 맞을듯 싶어요.. 단 뷰는 좋아요..탁트인 바다뷰 보시고 싶으면 추천드립니다.. 건물 자체 유리와 인테리어가 아늑하기보단 뷰를 고려해서 확 트여져서 시끌시끌 합니다.. 조용한 공간 원하시면 비추에요..,0,,
xkrxx,맛있게 먹고 갑니다,1,,
may****,사람 많아요,0,,
부산갈매기기,바빠서인지 카운터 불친절해요 빵사고 돈쓰면서 기분나쁘게합니다 소금빵 그닥이에요 시끄러워서 집앞아닌이상 굳이 다시가진않을 빵집거같아요,0,,
두나수,매장 너무 예뻐요! 그냥 감성카페랑 차원이 다른 인테리어라서 더 좋아요. 푸릇푸릇 자연도 느낄 수 있고 조명도 예쁘구… 이 근방 카페 중에서 제일 마음에 들어요!! 음료도 맛있구 디저트도 최고예용 ㅠㅠ 또 방문할 거예요?? 사장님도 왕 친절!!!!????,1,,
살찐토끼,공간이 너무 멋지고 아주 친절하셨어요 이층은 스터디카페처럼되있어서 좋았네요 분위기 최고에요,1,,
HD4547,무화과카르트 별로,0,,
woo604,빵이 넘 달고 빵 퀄리티에 비해서 넘 비싼거 같습니다,0,,
맛있당 냠냠,감성+맛+가격 모두 잡은 완벽한 부산대 신상카페인 것 같아요~ 분위기가 너무 좋고 포토존이 예뻐서 자주 갈 것 같아요!,1,,
유징280,인테리어는 이미 유명해서 듣던대로 너무 좋았어요!! 그리고 무엇보다 하루나커피가 진짜진짜 맛있습니다 ㅠㅠㅠ?? 진짜 찐한 밤향! 아이스크림 바밤바보다 더 진한 맛!!! 밤맛 조아하시면 리얼 강추강추!!,1,,
까칠 장72,최고최고 근데 사람이 많아요 두번은 안갈듯,0,,
데굴도톨,음료도 깔끔하고 적당히 달달해서 좋구요 크로핀은 여기서 처음 먹어봤는데 진짜 맛있어요! 안에 초코시럽? 녹은초콜릿?도 듬뿍인데 요게 페레로로쉐 안에있는 초콜릿 맛이랑 똑같아서 더 맛있어요?????? 크로핀 꼭 시켜드세요!,1,,
냠냠ㅇl,너무 기대가 컷는지 빵 생각보다 쏘쏘 대체로 너무 달다 실내가 울려서 많이 시끄러움 아메리카노는 맛남,0,,
올리비아3312,시장돗대기같음 주말방문했는데 조용함과는 거리가너무멀음 주차공간도 부족하구 주문시오래기다려야하구 3층까지있어도 다들 자리차리만해서 뺑뺑돌다 구석에서 불편하게 먹다가나옴 소금빵유명하데서 방문했는데 한시간 전마감 이라 포기 한번쯤은 갈만하지만 다시재방문 은 하고싶지않음 조용한커피마실시 평일이나 가야할듯,0,,
작은별별,"칠암사계 빵이 다 존맛입니다! 특히 구매한 것 중에는 바질 크로칸트 빵이 미쳤어요! 진짜 겉바속촉에 바질향까지,,제가 바질을 좋아해서 그런지 모르겠지만 정말 허버허버 먹었어요!! 아..! 그리고 소금빵은 키호스크?테블릿?으로만 접수가 가능하니..! 빵 나오는 시간을 꼭 확인하시고 미리 번호를 발급받아 대기하시다가 카톡알림이 오면 카운터로가 결제하면됩니당! (2개가 한세트)*2 총4개!씩만 구매가능하니 참고하세여! 맛있게 잘 먹구 갑니당! :)",1,,
크리크리21,정말 다 좋은데 직원 불친절 하나로 기분 잡침,0,,
sue5103,뷰도 좋고 3층까지 있어서 자리도 많네요 소금빵 유명해서 줄서서 사먹었네요ㅎㅎ,1,,
오돌이98,디저트가 맛있어요 종류가 너무 다양해서 좋아요. 커피도 맛있었네요. 또한번 방문하고 싶어요.,1,,
Rubyra1n7,"방문객이 상당히 많은편입니다. 소금빵을 구매하려고 하거나, 2층 창가쪽 자리를 잡고 싶으시다면 아침 9시대로 방문하는 것을 추천합니다. 3층 루프탑은 바다 경치를 구경할 수 있는 공간이 있습니다. 실제로 가서 보면 정말 멋있으니 인생샷을 찍으시면 좋을 것 같네요. 그리고 무료주차가 가능하다는 점 또한 마음에 들었습니다. 여기서 파는 빵들은 최고중에 최고의 식감을 가지고 있습니다. 소금빵과 명란바게트는 짭짤한 맛이 좋은편인데, 뒷맛이 소금 특유의 쓴맛이 있어서 호불호가 갈릴 것 같습니다. 맛이 궁금하다면 한 번 정도는 사먹는 것도 괜찮을 것 같네요.",1,,
토리이야기,꿀맛! 최고에요 빵 디저트맛집,1,,
블루583,빵은 맛있는데 손님이 너무 많아 즐기지를 못했네요,0,,
굿무새,가성비 너무 좋아요!,1,,
ldy****,그정도 맛인가…,0,,
주히얌,이전 방문을 뒤로 다른 일정 속에서 종종 커피이바구가 생각났습니다. 그래서 오후 일정을 취소하고 커피이바구를 방문하게 되었습니다. 전에 방문한 저를 알아봐 주셨고 사장님께서 안쪽 편안한 자리를 이용할 수 있게 해주셔서 너무 감사하고 좋았습니다?? 정말 친절하고 아름다우세요ㅎㅎ 자리에 앉아 글도 조금 쓰고 생각하면서 그간 답답했던 고민들을 정리하고 갑니다:),1,,
rangun1,항상 가는 집인데 이제야 리뷰를 작성하네요 맛있는 커피와 빙수 ^^ 직접 담그시는 자몽차까지 완전 좋아요 거기에 친절은 덤입니다 ^^,1,,
코모레비55,너무 붐벼요,0,,
Nxgy,오랜만에 공부하러 왔어요! 여전히 친절하고 깔끔한 곳이네요 ?? 부산대 앞에서 공부할 때는 항상 스몰굿을 먼저 생각할 만큼 공부하기 좋은 카페에요! ???? 가격도 저렴하고 자리도 너무너무 편해요! ???? 다음에는 시험기간 아닐 때 밖이나 1층 자리에 앉아서 여유롭게 있다가 가고 싶을 만큼 너무너무 깔끔하고 예쁜 카페에요 ??,1,,
호랑,당근크림치즈파운드케익 넘 맛있구 개별포장 되있어서 좋았어요~~촉촉 1층이 일반손님들 있을수있구 2층3층은 스터디카페더라구요 공부집중하기 좋을거같아용 너티밀키도 괜찮았어용,1,,
이오십34,사람이 너무 굉장히 많네요ㅜㅠ 소금빵 대기 2시간 정도 입니다.,0,,
호호님12,일요일에 가보았었는데ㅠ 너무 인파가 많아서 정신 없었어요ㅠ,0,,
zzzzzz71,사람이 너무 많고 소금빵 대기도 일찍 마감되네요..,0,,
147****,여기가 왜 맛빠맛빵집인지 모르겠네요,0,,
레이디양,커피 맛있습니다. 카페 이름 뜻이 좋으네요^^,1,,
족사마,맛있고 친절해요,1,,
안정빵1,좀비싸요ㅠ,0,,
Xo Te,그냥 사진 찍으로 가는곳이라고 생각하면 될거 같아요 음료는 괜찮은데 디저트가…참 퍽퍽하고 딱딱하고,0,,
jon****,"주변에 아무것도 없는데 위치에 비해 커피가격이.. 너무 사악 ,,, 기장 근처 바다에있는 카페 정도 맛은 그냥 .. 뭐 요즘 비싼카페 음료맛정도",0,,
bgd02096,1층은 카페 2-3층은 스터디카페 3층은 인스타 DM으로 예약도 된다고 합니다,1,,
al****,점심먹고 스몰굿커피 너무 좋아요,1,,
쪼아쪼아88,분위기 좋고 커피도 맛있고 가격도 저렴하고 굿~!,1,,
dia****,주차장 메우 협소하며 초보는 절대 가면 안됨 음료도 베이커리도 그냥 보통 뷰도 기대하고 가서 그런지….ㅠ,0,,
799012,솔직히 인테리어말고는 별로에요.. 매장도 넓고 사람도 많아서 그런건지 관리가 안되는듯. 위생좀 신경써야할것같고 음료도 너무 맛없어요ㅠㅠ,0,,
기록하는 습관,"해운대 주변 늦게까지 하는 카페라서 좋긴 하나,, 가성비나 친절도면에서는..스읍,, 부족한 점이 있네여",0,,
yej****,뷰는 너무 좋은데 너~~~~~무 기다리네요^^ 주문을 빨리 빨리 쳐내지 못해서 주문 받다말고 딴일하셔서 주문받는데만 한참 걸려요... 그리고 무엇보다 가장최악인건 위생입니다 일손이 모자라라서 치우는 사람은 아무도 없고 손님들이 갖다 놓기만하니까 여기가 카펜지 쓰레기통인지 모르겠네요 입맛이 뚝 사라집니다... 지금도 음료 기다리는 동안 작성중인데 돌담에도 트레이가 다 차서 쓰레기를 올려둘 데가 없네요 알바들은 잘못이 없어요... 열심히 일하고 계십니다.. 사장님 돈 그만 버시고 제발 더 고용하세요....진짜 비위상합니다.....,0,,
ㅎㅎㅎ8344,여기서 허브티 드시지마세여 .. 뭐 아무도 안드시겠지만 ㅠㅠ 아이스 시켰는데 처음만 시원하고 그이후는 얼음이부족해서 ( 컵도 자고 ) 미지근해서 못먹었어요 그리고 허브티 뚜껑 열때 뜨겁고 얼음컵에 따르기가 너무 불편해요 ( 뜨거운 뚜껑열고 뜨거운 거름망도 열어야해요 손으로 ) 그리고 아직 26도인데 에어컨이... (?) 틀어져있는데 너무 더워요ㅠㅠㅠㅠㅠㅠㅠㅠ 3층 그나마 괜찮은데 5층은 튼건지도 모를정도 여기 왜오는거죠..?? ㅠㅠ,0,,
恝,매장이 청결하고 화장실도 청결해요 주문을 입구 키오스크에서 받고 있어서 호다닥 주문하고 들어갈 수 있어요. 스몰굿커피 마셨는데 우유들어가서 배는 좀 아팠지만 맛났어요.,1,,
fks****,자주 가는곳! 커피맛 좋아용,1,,
du92,공부하기 너무 좋아요. 커피도 저렴해요. 카페라떼가 다른데비해서 맛있네요!,1,,
ribre,부산 달맞이 고개 검색하면 제일 먼저 나오는 카페......다만 두번 다시는 안갈듯....뷰가 이쁘긴 한데 그냥 그게 끝이고 바닥재는 걷기 너무 불편하고....음식도 음료도 그냥.....그닥....,0,,
복숭아막걸리,"오미자에이드 진짜 음료에 장난 친줄 알았네요… 저렴이 테이크아웃 보다 정말 별로고 멀겋고, 할많하않….. 첨으로 카페에서 사진 안찍었네요. 그리고, 매장 테이블좀 닦아주세요… ㅜㅜ",0,,
anim,"제가 부산대에서 카공 자주하는데, 커피도 맛있고 인테리어도 깔끔하고 공간도 넓어서 카공하기에 부담스럽지도 않은 그런 곳을 찾고 있었는데 그게 딱 스몰굿 커피입니다?? 다른 대형 프랜차이즈들은 제 입맛엔 진짜 커피가 맛이 없어서,, 아무리 공부하러간다지만 아쉬웠거든요.. 오늘 스몰굿커피 처음 가봤는데 커피도 진짜진짜 맛있고 공부하기에도 너무 좋아서 행복했어요 ㅜㅜ 단골 예약이요 ??",1,,
차기10,스몰인거 2층가서 알았어요~ 깨끗하네요~,1,,
뽀동이78,금액대비 완전 꽝이요 주문 나오는 시간도 오래 걸리고 바다 앞 부가 아니면 완전 아닌 카페,0,,
엘프뽐,커피 별로 맛없어요,0,,
yemdunge,오랜만에 갔는데 역시나 케이크 맛집이네요 ?? 제철과일로 나온 무화과 티라미수가 너무 맛있어서 집에 올때 포장도 해 왔어요 직원분들이 다 바뀌신 건지 설명을 친절하게 해 주셔서 감사했어요 이제 더 자주 가줘야겠어요 ??,1,,
콩군,오랜만에 갔는데 역시나 케이크 맛집이네요 ?? 제철과일로 나온 무화과 티라미수가 너무 맛있어서 집에 올때 포장도 해 왔어요 직원분들이 다 바뀌신 건지 설명을 친절하게 해 주셔서 감사했어요 이제 더 자주 가줘야겠어요 ??,1,,
치즈가좋아,요즘에 워낙 대용량커피만 마셔서 그런가 커피양이 한모금 수준이어서 아쉬웠어요. 차라리 일회용컵에 주면 좋았을것을.. 얼음은 잔얼음이라 좋네요. 뷰도 좋아요.,0,,
센터니얼52,바닷가에 위치한 너무 예쁜 카페에요. 바닐라라테도 너무 맛있고 무화과티라미수는 정말 최고ㅎㅎ 분위기도 좋았지만 음료와 케이크가 독특하면서 맛있었어요. 아이들에겐 주문하지 않은 우유도 가져다주시는 키즈프렌들리 카페에요. 아이들은 바닷가에서 놀고 저희는 바다보며가족들은 방구석에 앉아 이야기나누고 ㅎ 나중에 아난티코브 호텔 앞에 바닷가 거닐기도 좋더라고요.,1,,
유디트92,조용하고 깨끗해서 좋았어요,1,,
lim****,도자기도 만들수 있고 음료들도 맛있어요~! 카페에서 도자기 공방도 하는건 처음봐서 신기했는데 잼있어요 테라스 뷰 진짜 좋아요,1,,
토끼소년,여기~ 주문누락하고 다른 사람한테 제 메뉴 줘놓고 15분 동안 무시하더라구요~ 서비스랑 응대태도 최악입니다,0,,
김야옹야옹,마감3시간전인데 묻는거 마다 안된다는 가게 처음엔 진짜 짜증났는데 곰곰히 보고있자니 평일마감타임이라 알바가 한명이였던듯.. 힘들었겠지만 그래도 말이 아 다르고 어 다르다고 고객님 ㅇㅇㅇ메뉴밖에 안되는데 괜찮으세요? 라고 했더라면 애초에 발돌려서 다른가게 갔을텐데 싶다. 그리고 이 글을 사장이 본다면 제발 알바를 한명 더 뽑길 해운대점에다가 휴가철인데...,0,,
Sophiee,랑데자뷰 가본 곳 중 뷰는 제일 좋았어요~ 음료도 맛있고 디저트도 맛있었는데 사람이 많아서 자리 잡기가 조금 힘들었어요 ㅠ 그래도 조금 기다려서 좋은 자리에 앉았어요 ㅎㅎ 음료 컵이 조금 아쉽긴 했는데 그래도 뷰가 좋아서 만족????,1,,
yeos,바깥 뷰가좋은 카페입니다. 라테는 밋있어요.,1,,
rainer24,인테리어가 시즌별로 바뀌고 멋집니다. 커피 맛도 좋아요.,1,,
쭈283,분위기 좋아요,1,,
수니4250,차도마시고 산책도할수있는 카페하 넘좋았습니다,1,,
베리굿8,그저,0,,
yOvOn,경사가 너무 높아서 부산 가면 한번쯤 가볼만한 곳.. 너무 예쁘긴 했지만 케이크가 8000원이라 가성비는 별로에요..,0,,
항해자42,분위기도 좋고 한데 아내와 함께 둘이 와서 차는 마시기보다는 잠시 이야기나하고 갈까해서 왔는데 커피를 인수대로 시켜야만 한단다 그래서 차 한잔과 케익을 시키려고 하니 안된다고 ㅜㅜ 차만 마신다면 인수대로 시켜야하는건 이해가 된다 그러나 집에서 커피를 마시고 왔으므로 그래도 장소를 이용하는데 싶어 각각 하나를 시켜려고 했는데 그것도 안된단다 뭔가 강매 당하는 기분 기분좋게 와서 씁쓸하게 내려간다,0,,
flos pulcher luce,운전해서 올라가는데 멀미나고 경사땜에 덜덜거리고 다시 안올거야 하면서 찾ㅇ갔는데 매장도 넘 이쁘고 뷰도 좋아서 다른사람이 운전하는 차 타면 다시 올지도.. 커피는 괜찮았는데 파니니는 7천원 주고 사먹긴 돈아까워서 담엔 다른 디저트류를 주문할 것 같아요. 옆에 주신 당근라페는 너무 썼어요 ㅠ,0,,
나무꾼087,직원 싸가지없음,0,,
ell****,루프탑 조용해서 좋아요,1,,
쟁이6387,뷰가 좋고 작품들 감상하며 대화하기 좋은 카페에요,1,,
yijji,조용한 갤러리카페라 좋았어요.^^,1,,
반지걸,라떼 종류가 많이 달아요. 다맛이 별로이신분은 참고하세요,0,,
솔서솜순,와 종이컵보다 살짝 큰 커피가 7천원이라니..,0,,
jon****,참 방문하기 어려운 곳,0,,
teatime98,커피가 맛있습니다. 그리고 뷰가 너무 모랄까 일본에 작은 바닷가 동네? 같은 뷰에요?? 시그니쳐 사슴은 역시나 매력적이네요 역시 부산은 바다가 있으니 카페가 먹어줍니다,1,,
자유인4996,카페가 조용하이 좋아요~,1,,
tek****,친절하지 않아요. 와글와글 너무정신없는곳.,0,,
충청댁,비싸요,0,,
만월Mimi,매장 안은 테이블이 좀 더러워요ㅜ 사진찍음 예쁘게 나요요. 커피맛은…그닥,0,,
챙6717,웬만해서 별로라고 안하는데 정말 최악입니다.. 자리도 없는데 손님은 계속 받고 자리가 없어서 음료 이미 결제한 손님들은 자리 찾으려고 계속 돌아다닙니다 다른 사람 앉았다 간 테이블 닦지도 않고 계단에는 음료 엎질러져 있고요 입장 자체를 할때 음료 결제해야 입장할 수 있게 해놓은 시스템이 너무 별로입니다 자리 확인하고 주문 받던가 하셔야 할 거 같네요; 오픈 시간에 가는거 아니면 비추요,0,,
여행하는판다,조용하고 차분한 분위기예요 :) 커피도 마시고 대화도 나누고 갤러리 전시까지 볼 수 있어서 좋습니다.,1,,
Singssing,뷰가 정말 좋고 느긋한 오후 쉬고 즐리리에 좋은 곳이에요,1,,
파란 오렌지,멋진 곳이에요- 케葯 흔하지않은 종류들이고 맛있어요,1,,
Powerwill7,정말 가격비싸고 양이며 질이면 최악~뷰말고는 암것두 없어요 진심 찐후기임,0,,
dddddddddddddddddddd,호퍼에 맨손 넣어서 원두 휘젓는 모습 보고 놀랬습니다 아무리 바빠도 기본적인 위생은 지켜주세요,0,,
0ZzzzH,"바다보며 한잔~~♡ 샤모니 몽블랑!? 눈덮힌 모양이 귀여워서 몽블랑 기대없이 시켰는데 (8000원) 너~무 맛있었어요 강추!!! ???? 스위스 국기 꽂아도 귀여울듯 꿀꿀해서 혼자 드라이브 나왔는데 그동안 한번도 없었던 라떼에 하뚜??를 주셔서 보는순간~~ㅎㅎ 위로가 되었어요 혼자 달달한거 먹으며 멍때리기 좋아요 ""감사랑합니다""",1,,
먹깨비 요정,이런게 내 행복!,1,,
Vero50,"개당25000원이라는 가격을 생각한다면 경악스러운 맛. 분위기는 좋아요, 스모어는 개선이 필요한 것 같습니다",0,,
sung sil Seo,직원분 추천으로 한박스를 샀는데 너무 아쉬웠어요. 코팅용 초콜릿이 느글거리며 느끼하고 눅눅해서 가격대비 넘 아깝네요... 보리 오르조도 평범한 보리차 맛이였습니다.,0,,
거북이369,레몬 샷 특별하네요,1,,
Mira68,그냥 그래요,0,,
사필귀정85,맛있고 가족끼리 자주가용,1,,
771****,매장은 넓어서 괜찮았는데 음식들이 너무 짰어요.. 그리고 저렴한 가격대가 아니었는데 전부 셀프여서 아쉬웠어요..,0,,
hsh****,존맛탱,1,,
이름없음8540,지저분하고 맛도 별루,0,,
워니8238,공간이 넓고 천고가 높아요! 스피커 음질(?)이 좋아서 커피와 함께 음악도 즐길 수 있고 여유로운 시간 보낼 수 있어요. ??,1,,
백까밍,뱅쇼 너무맛이업엇어요 ㅠㅠ 그냥체리에이드갓앗어요.. 가격에비해양이너무적어요,0,,
ham****,에스프레소 저어서 드세요 광안선셋 에이드는 츄파춥스 콜라맛이래요 마이떠,1,,
ijl****,디저트 가격이 좀 비싸요ㅠ 좀 저렴했으면 좋겠어요!,0,,
beh****,여자사장님 불친절. 팥빙수맛 그닥. 딸기빙수는 불량식품맛입니다. 저녁식사 후 디저트 겸 들렀는데 두 번 다시 방문하고 싶지 않네요. 뷰는 좋습니다. 근데 그 뷰까지 짜증나더군요.,0,,
맛집헌터나비맘,달5개 만점기준 맛 ???????? 청결도 ???????? 친절함 ???????? 분위기 ???????? 가성비 ???? 해운대에서 맛보는 에스프레소바! 분위기 좋고 맛있네요 양은 작지만 ??,1,,
si****,여행 마지막날 들렸는데 후회했어요.. 첫 날와서 1일 1부사노를 했어ㅇㅑ했는데…!!! ㅠㅠ 에스프레소는 난이도가 있고 장벽이 느껴졌는데 왠걸.. 이렇게 맛있는거였다니 ㅠㅠ 크렘프레소는 정말 예술이었어요…!! 리뷰보고 레몬크림샷 시켰는데 안시켰음 큰일날뻔 시큼상큼 맛있어요 ㅎㅎ 공간 좋고 스피커 좋은건 말하기 입 아프고요 서울에도 내주세요… 이번 여행 베스트 커피였어요,1,,
jinhwa,테이크아웃인데 넘 비쌈,0,,
pau****,남자화장실에 손씻는곳도 없고 변기도 없습니다!,0,,
gagnerkim,혼카페하기 좋아요,1,,
효효449,"분위기 너무 좋고 까눌레, 다쿠아즈 빠지는거 없이 맛나요?? 디카페인으로 라떼도 가능해서 넘 좋았구요 원두도 수안커피 원두를 쓰셔서 진짜 맛나용! 다쿠아즈 필링은 넘 부드럽구 파삭파삭한 식감 굿?? 까눌레도 겉바속쫀 쩔어요????",1,,
월령60,가격에 비해 맛없어요. 탄맛났습니다.,0,,
송송이송이,겉바속촉 까눌레 안에 가득한 필링 너무 좋았어요 :> 생각보다 크기가 커서 먹으니까 배불렀던 다쿠아즈♥? 다쿠아즈 종류도 정말 많아요! 폭신한 에그타르트 까지 완벽 그 자체???? 당 충전 제대로 하고 갑니당,1,,
,,,,
