id,review,label
̴Ϲa,"     ģ Ȳ̾µ  ڽ Ÿ õ Ѱ  ̾
Ʈ  𸣰  ģϼ̾
Ÿ  Ϻ 廩 κ ģ      ϰ ־
嵵 а  Ǿ ־  ã ̿
",1
Banking,   ö ִ ݸ  Ҵµ Ư   ޴ Ϲ  ̾ϴ      ũ  Ҵµ  ÷  ִ   ٴ   ַ ϴ ũ      Ŀ Ʒ ִ  ־ϴ      ¦ ̵  Ǫġ ̾ϴ  Ŀ  ¦ ׿ ׸ ߰߰ ڱڱϰ   ִµ ׷  Ĩ ҽϴ  ߰ ̴  ˰̵ ٴҶ   Ĩ 𸣰 ̰ Ծȿ  ˰̷ ̳׿ ,1
̻,嵵 а  ־ ƿ! 翬 Ŀǵ ־,1
,嵵 а е鵵 ģմϴ,1
¿,γ ۷  ī̶ ¦  ù  ޴ޱϴ վ~ üũƼ Դٰ ѹ Ծfµ ׿~ Ѹ ѹ ,1
ٺ91,"Ŀϸ Ÿε ϳ׿
õ  ƿ
",1
¿,"γ ۷  ī̶ ¦ 
 ù  ޴ޱϴ վ~ 
üũƼ Դٰ ѹ Ծfµ ...",1
Banking,Ŀǰ     ð  ,1
ypp****,"ް 30бٸµ  غ̶ ϸ鼭 Ѹ  ̾ غ ȵȴٰϸ ֹ ֹ޴°Ű Ȯε ٸ ϸ  Դϴ
   ǹ̳׿
 ȭϰ ٸ°͵ 30̻ε   ǰִ
Ÿ  ϴ!!",0
Banking,"     ϱ ߴ Ÿ û
ֶӿ̵  ñϱ⵵ ߰?ֵ
 õǴ ǰ ߴµ  ֿ Գ׿ ֽϴ ",1
hae****,"
ٱ  Ḷ̾~
ģϰ  ֹ޾ֽñ
󶼴  ε巴  ־~
ϰ Ⱦϴ   ƿ~",1
,"̽÷ ҽ
Ⱦϴ°
Ȯ",1
hhe****,Ÿ Ŀ վ????,1
õ33,  Ʈ..,1
ǿ597,ο ð ƿ~~,1
丮, ũ ־!!,1
и, Ŀǰ ֳ׿.  ܼƮ    ؿ,0
ȫ32, ó 湮ϴµ е ׻ ʹ ģؼ ƿ,1
׸97, ÷  ־  ߴµ  ܽ  ־ ÿϰ  忡  Ծ~^^ ָ ε  ķε  ΰ ģ ƴ ȥڼ ε ÿϰ Ӱ ð µ ߾~^^,1
0000001033,ĿǸñ ؿ,1
ϳ6277,ġ ƿ,1
ø75,"ٹ °Ŵپƽ
ġ ִ ",1
¿,"ٻ۰ ˰ڴµ  е մ 븦 
ϴ°ͺ ǰϴ ̾ մ
  ž!! ׳ ͼ ...",0
̹ȣ2342,ְ  е ģϽó׿,1
KAKA2221, ſ ,0
jjh****,Ƹ޸ī ƿ,1
illust,۷ ް ִ,1
," ٸ   ΰ   ģ 
  Ӵ λ絵 ϰ   Ĵٺ 
 Ƿ ° ",0
Ű37,޶  ƿ,1
رݿ98,Ŀǰָ,1
ƾ, ׿~~,0
Yj56,ý!!. ƿ,1
nic****,"ٴҶ  Ν
Ź ̴޶ Ф",0
ȭ׿,2  о!,1
csl040625,ƿ ƿ ƿ ƿ,1
õ9187,. Ȱ Ÿ,1
,ϰ ģؿ,1
Banking,"׷  Ÿ ټ ڰ ϴ Ḧ 
ϴ       
    ο ڵ, õ.. ־ ",1
820,Ұ о ƿ,1
0000001033,ٰ 鸮 ƿ,1
Ҷġ,  ̽   ̿^^,1
KAKA2221, ſ ,1
VVIP,ģؿ ??,1
ظ7664,ƿ,1
0320, ϰ ƿ~~^^,1
Luna1265,ŸĿǴ¿????????????????,1
KAKA2221, ſ ,1
dee****, Ŀ   ־ ƿ,1
ǻ50, Ѹƿ??,1
޸,"ᰡ   
 ƽ׿~^^;;",0
6195,"̳. ֹ   ģ Ͽ. ֹ
  ¦  ..",0
547,,1
θ71,,1
Incentive1004,"  .
 а ڸ  ؼ ",1
,Ÿ ±,1
KAKA2221, ſ ,1
۾20,ƿ,1
,ģؿ,1
KAKA2221, ſ ,1
sa1****,ֳ׿,1
   , ó 湮ߴµ   ̸ ðεϷ  մԵ  ɽ е ģؼ Ҿ.,1
84,ƿ,1
KAKA2221, ſ ,1
϶ ۼ,"Ÿ õDT  ȸ³ īζ
      ü
 ԰  ߳׿ Ф",0
kl****,ĿǴ½Դϴ~^^,1
ʷ62,  մϴ.,0
˸08, Ŀǰ ־,1
koa****,,1
myy****,,1
sosuji030667,,1
, Ŀ,1
jeu****,±,1
aa129,ģ ,1
ձ90, ־,1
KAKA2221, ſ ,1
mon****,,1
ϴþ17,ƿ,1
kimyounhaw, ʹ ,0
9920,ƿ,1
53,ƿ,1
shi****,ƿ,1
ƾƾƾǾ,ϰ а ¼ Ƽ ƿ~~,1
,Good,1
÷ζ1637,ƿ,1
jus****,ƿ,1
jyl****,ƿ,1
lea****,±,1
dld****,ƾƴ ,1
sja****,,1
kis****,ƿ~^^,1
86,ƿ!,1
9,,1
,ƿ,1
ggq****,ȭϱ ׿ ,1
ū5475,ħ ƾ~~ƿ,1
Gogo58,ƿ,1
θս75,ƿ,1
doolle2,־,1
sja****,,0
յ,,1
pai****,ƿ^^,1
ksj****,,1
kja****,????,1
MiTomatjib, Һ ڳ׿,1
Banking, غ   Ǫ ٴٸ  ûֶӿ̵  ŭ   ??????,1
º̺,,1
top****,,1
hon****,ƿ,1
violetviolet,ƿ,1
ط6,ƿ,1
30,,1
Ѱᰰ,ȿ,1
ekd****,,1
 ,,1
45,״ Ÿ,1
־ƽǸ36,,1
Reeeni,,1
º̺,,1
KAKA2221, ſ ,1
8,,1
º̺,,1
jes****,ūϰ  Ʈؿ,1
su45,,1
1927,,1
8020,"Ÿ Ŀ û ϴ ~
ʹ ְ ԰ ſ~
 û ģؿ~~^^",1
kis****,ƿ~^^,1
3,,1
kob****,ƿ,1
kl****,ȾؼԾ~^^,1
º̺,,1
rlwjr,ؿ,1
ķ998,ƿ,1
θλ,ƿ,1
Ʒ81,,1
屺,,1
7987,,1
djalto,,1
Huio,,1
,?,1
ܶ,,1
7987,,1
̵78,,1
Banking, Ŀ Ը Ѵ  ¾ƿ,1
򰭰6995,ƿ,1
  ,õ ,1
Lee1109,,1
ڴ븮,,1
 ,ƿ,1
mofsib23495,,1
aa129,Ÿ ׻ ƿ,1
6756,,1
aa129,,1
ʸ22,ƿ,1
doolle2,־,1
Banking,The CEO and the staff are kind and nice,1
0000001033,Ʈ ־  Ծ!,1
woori0428,,1
Gris,ī Ʈũ Ŀ ϰ ߸ð ־,1
ũ88,ƿ,1
KAKA2221, ſ ,1
շ75,ƿ,1
jyl****,ƿ..,1
9655,,1
򰭰6995,ܰԴϴ,1
Reeeni,,1
϶ ۼ," ī  ôµ     
ФФФ Ŀǰ ƴ϶    ̿
 Ф ο    ϸ  ̷",0
Ʃ,,1
Ǫ74,,1
,û ģϼ,1
hee0720,,1
jsj43,^^,1
41,ƿ,1
ٷٷ,־ ??,1
wom****,ĿǸƿ,1
ũ88,ƿ,1
wjd****,־,1
7052,,1
tucks777,־ ,1
30,DT̶ ֹϱ ƿ,1
5883,־,1
۾20,ƿ^^,1
xoxhi,ƿ ģմϴ,1
߱߱86,good,1
ܿ13,ģ,1
sazura,ƿ,1
hiy****,,1
ī79,,1
k25969,,1
wom****,,1
wom****,,1
ǵ,,1
carpenter Lee,ƿ,1
繰 ,ƿ,1
Ͽ,,1
86,ģϱ Ʈ ־!,1
Banking, Ŀ Ը Ѵ  ¾ƿ,1
Ͽ,ģؿ^^,1
luman,ƿ ,1
74,ʹ ƿ ,1
׸ũ,ƿ ־,1
Happy4764,ƿ,1
ũ88,ƿ,1
۰ȭ34,ƿ,1
丮Ʈ, ʹ ƿ,0
Ͽ,,1
ľ3,ģϰ  Ʈī ϱ⿡ ƿ,1
Կ79,ƿ,1
wom****,ƿ,1
SOOn44,????????,1
young8614,״..,0
Happy4764,ƿ,1
011****,ƿ,1
wave your flag,ģؿ,1
۾20,ƿ^^,1
mr****,Ӥ,1
KAKA2221, ſ ,1
޺,ƿ а,1
gon****,"ģϰ, Ʈ ־~",1
nymnymjjpjjp,åаų Ʈϱ ƿ,1
0000001033,! ϱ ؼ ⼭ ߻Ϳ,1
Կ79,̺꽺 ƿ,1
0000001033,ġ ־,1
0000001033,Ʈ԰ !,1
KAKA2221, ſ ,1
μ14,Ʈ־,1
򰭰6995,ƿ ??,1
ȭ40,!!,1
55, ,1
۾20,־,1
屺,,1
74,ģ,1
Reeeni,,1
9,ģؿ,1
zaqwsx,bbbbbbb,1
2,ƿ,1
Կ79,,1
۾20,ƿ^^,1
,"ִ Ŀ 
Ÿ!",1
Ѿ糪0,־,1
,ƿ :),1
84,,1
777,ƿ,1
Ķϴ2002,,1
ٷٷ,־ ??,1
º̺,üݵθ,1
ݸ,ũī׶ ־,1
޴ϴ3,ƿ,1
lmmmmm,,1
jdwh0219,,1
soo****,̿ϱ ƿ,1
,ģϱ ƿ~!~,1
11,   Ŀǿ ī׶ ְ!,1
κ,"     !! ̺꽺 
ó ޾ƺµ  ū  
     ",0
Ƹ޸ī8246,ƿ,1
ۻ6727,ְ䢽,1
۾20,,1
84,,1
oo94,^^,1
밡,־,1
kuj****,,1
red****,,1
߿31,ӱſ,1
19,ƿ,1
dms****,վ,1
yhp98,~^^,1
º̺,DT̿ ̵ؿ,1
Banking,ũ Ƹ޸ī ְ  Ծϴ,1
jdwh0219,,1
Banking,ڷγ̷ ϼž ſ~??????,1
ippn123,ƿ,1
ghdeksql1029,ƿ,1
3,,1
ũũ,,1
׶Ͽ,ƿ,1
jin****, ĿǴ Ÿ,1
Goodshine,ƿ,1
,,1
mio****,ϱؿ,1
ڽ𽺰,ƿ.,1
ippn123,ƿ,1
kyc****,ʹƿ  ϰ ģؿ,1
Ϳ̵,2 ĿǸñ ƿ,1
ddjjang2,ƿ,1
Reeeni,,1
ȫȫ2977,ƿ,1
KAKA2221, ſ ,1
º̺,DT̿  ̿ մϴ.,1
kjhgvf,,1
Ÿ,ƿ,1
޺,Ŀƿ,1
ũ88,ƿ,1
9920,ƿ,1
ָ6,ģϼ,1
suyunee2,,1
jjh****,Ŀǰ ־,1
shr****,,1
2797,־,1
kl****,"̾û Աؼ ũԶ߰
žؿ üȥѰ~",0
qaz****,,1
,ģؿ!,1
ų,ĿǴ     ..   佺Ʈ ݴʹ ΰ  ... ļ ״µ    ȵŴ ,0
 shine70,ó  湮ϰ      ƴѵ â ̺ ٴ û ° ׿ ٴû Ű ֽñ,0
jj,"1019 11 Ŀ ð; 湮߽ϴ. ڸ ˹ٺ  ֹ  зվ 30 ̻ ɸٰ ϴ, Ǵ´ ش޶ ϰ īǪġǰ ֹ 20̻ ٷȽϴ.   Ⱦ µ  ֹѴ  ʾҰ ٽ ´뵵  ٸ Խϴ.  30бٷȴµ  ȭ ϴ.
˹ٺе κд ϱ  뵵 ΰ
   οϴ.   Ҵ κ մԵ ö   ͼ  ֹ Ͻø 30 ̻ ɸ䡱 Ʈġ 3  󱸿 մ   ׷ ֹ  з մ   ƴѰͰ..̾ƼžߵɰͰƿøϴ
",0
Brieee, θε ᰡ ʹ  ɸ (տ ٸ 鵵  ֹ   տ ְ ׷Ф) 󰡿   ȭ̶ ׷  ڱ ְ  Ф   ü Ҿ..!,0
ehd****,ᳪµ 15... 극  20и  ı  ¥ ο ٽ Ȱ°ɷ,0
lmk****,"2  ̺  âԴϴ
  1   ϴ θ̼ ̱  θ߰  ͼ Դ°Ŷ ϴ µ ϱ ϳ׿
   .
ĿǼ󿡼 µ ģԿ ̻
 ʿϰھ
ģ
񽺺κ ̳׿
",0
queenbb,ĿǸ,0
pin***,־ ϴٿ  ..  ƿ.. ᱸ,0
845,ž  ò,0
mitda, ѽð 3õ޳׿  ϸ  ٰ ؼ   ؼ ȥڰų Ҷ Ȱҵ... ٸ е ߵ 鵵 ģؿ,0
4110,"  º⿡ ò ϰ ѽð  װ͵ƴϰ ѽðȵż Դµ ̷찡 ; ¥ 󸶾ȵǴ ݾ̶
߰ݹް ŭ  ʾҾ ..
иġ ߾˰ 
Ŀǵ ̰ Ѿִ Һڸ  ϴ .. ͳ׿",0
,ѽð   ǫ   ؿ...,0
tayacoja1,Ŀǰ ̰ſ ߰ ʿؿ,0
mon***, ٻ۰ ˰ڴµ ~~~~ öؿ ~   ˾      Ʒ ~ ,0
57,"ֹ  ߿  ǰ ־µ
ſī   Ұ ȉ´ٰ
 湮ؼ  ؼ
Ȳϴ!
 ī  Ǹ
",0
,̰!! 䰡 ٰ ؼ ָ ѹ Դµ..  ȿõؿ  ȭ  ž  ģϰ,0
***,â̶ ֿ ϴµ ģ ʾƿ,0
kor****,1 ̻ ֹ ѽð     ɾƼ ϴٺ  ؼ    ִµ ƴմϴ.  մϴ,0
ޱ⹮, ,0
׵86," ̸  ѽð µ
ȥ Ŀ  ÷  ; ȥڼ ѽð̶ ɾ   ̻ Ÿ ؾϴ ʹϴ ̴ ",0
874,޾ƿ,0
̳̾70,ģؿ,0
 thf***,  ģؿ ֹϴµ οϴ ¥ Ϸ ҳ׿,0
rkf***,ο,0
Tianmi,ھ˹ ģ,0
Yhm,˹ٰ  ģ,0
***, ħ,0
Ǻ,ֹ ⽺ ޴ ʰԳͼ    ٸȭϴ,0
mis, ģ,0
white343,Һ ƽ Ŀǿ  ׿ְ ģϳ׿,0
ġġ8213,"ֹϰ Ȯ ѹ  Ҵµ, ǰ 1 Ʈ1µ Ʈ 2 ֹ . ǰ ް  ó׿ ʹ ֹȮ ش޶   ֽø ھ Ф",0
mai***,ȭ ,0
S2spr**,ڰ  Ǯ ̺  佺 ƿ,0
kk8121,̺ ʹ ... ׷ ġ ó     ָϰ      ݰ   ,0
ӿ6884,"νŸ ׷غ մԿ    ʴ ׸  ƽ ̸ī俴. â ׸ ׷  öε ſ ݱⰡ . ȭ ǹ    ־  մϴ. ϴ ص ſ    ٰ տ  ƾ. ȭ  ħħϰ ִ   ־ ׷  ȵǴ ̾. ȥ    ƿ. ׸   ī  ڰ ٸ̴ 2  ֱ.. ڰ ٹ̴µ ġߵǾְ Ŀǿ   .   ȸ ī Դϴ. ܰ ɰ  ʾƿ. ׸ 綧 ͼ ׷ ƽ׿
",0
shzuswq,˹ٻ ʹ ģϰ ϱ Ⱦ  ǥ ׷  ׷ մε ġ  ſ   ũƿ ٲ޶ߴµ λ  鼭   ũ뿡   ٲִ󱸿  ϰ    Դ°ǵ  ϴ󱸿 ٹ ᰡ ־  ̿ϴµ  ˹ٻ ģؼ    䵵 ü ѹ ẻ µ  Եǳ׿.,0
snam4996, ణ ģ...,0
844,ũƼ е ũ ƿ ٵ  Ǽ ũ ּ̾,0
rla**,ָ  湮ߴµ  ں  ϸ鼭 ũ  Կ. ׻¿  ȭ ϳ׿,0
¥***,,0
ϴþƷ58**,ٽ Ȱ,0
yoeun,ܹ߸Ӹ   ģմϴ ,0
rlgmlii,Űũ ûѴ    ֽñ淡 ߰ ûߴµ ˹ٻ  ģϳ׿. Դٰ մ ϸ鼭   ȭ ϰ ʴϴ,0
ź,ڵֹ  ּ ϴ ģϽŰŰƿ,0
mnbv40, ,0
׌**,Űũ  ٷ տ־ ߽ϴ,0
ֳ, ž. ĿǴ ־,0
̶Ŭ6784, λ  ʾƿ ֹ޴  ޴  ص ѰͰƿ ֹҶ.÷ ޷µ ͺ ޴ ׷ ٽ  Ŀ   ٳ׿ ׷   ٸ޴ ϴ ޾Ƶ̴ ٵ лϴ󱸿  ߴ ·. 翬ѰŴٶ ̡ ġ ֹѻ ؼ ߸ ѰͰ  󱸿   ޴ ϰ  ϴµ մ ޴   Ǹ ˰ ֹ߾ϴ°ǰ ֹѵ ѰͿ  .ʿѰͰ׿ κ и ϰ  ,0
ұݻ30474810,"Űũ   ְ, 鼭 Űũ ֹ϶ ȳ   ʾƼ  ֹ Ϸϴ   ָ ˹  Ѹ 븦 ִ ׷ ȭ Űũ ֹ϶   óϰ ϴ ŵ鵵   ε ʹ ģ ϳ׿",0
ֲǸͲ,ᳪ½ð ٸ   ƿ䡦 Ͻô ϴ е  տ ž Ұ ƿ! ȭ!,0
 ̽ĳ, ,0
kkrkr4352,ī ƴϰ ƿ ٵ  е ģؿ...,0
chocorinne,ũ   Ǹմϴ  ڿ ־ִµ  ȵǳ ߿  ۾ϴ   ũ ظ  ݴϴ 帶 ݾ  ٸ ߰߳׿ ݿ  а ƿ մԵ  Ϻΰ ڷ Ǵ ȣ ѻ ...ڲ ĴĴ뼭 ϰ ò ظ ҷŵϴ  ĴĴ ĵ ε Ҹ  ˴ϴ ǼҸ ϴ 鸳ϴ,0
dpr****,ģϽð  ƿ. ٸ õ Ź ְ ڿ  ׾ ִµ ƹ ġ ʾҴ ״ ־  ߾,0
ֳ81,ں   ģϼ ھ Ŀǵ   ø   дϱ,0
,µ λ Ư ھ˹ٻ  ģ... ĿǴ ھ˹ٻ ֹ ޴  Ҿ  ,0
Ʋ,"׳,,ڻ(̸ź)  ģ~ ھ˹ٻ վ°;...г",0
, ˹ٻ մ µ λ縦  ģ,0
Ƹ***,ϼΰ ʹ ؿ,0
hhe*****,     Ľð뿡  ָӴϰ  ôϱ ϼ~,0
Queen0987,"̾µ    - ׷ ò -   - Ʈ ̽ ߾ȿ ũ  - Ƽhot õ༭ ״µ 翬 ߰ſ ε,, ƼѲ ... ޱ  ..!
",0
hkc73,  ġ ƿ,0
9574,ǳӶ󶼴 ִµ û̵ֿ  ̾ ޾.. ٸ û̵ֿ Ծ ̳ʹ ޶ Ǹ 7000¥ε..  ũ   پȵȴٰ ϼż Ű; ׾ ,0
69, ... ƿ,0
Always89,  ʾƿ Ф...,0
4527, Ѱ  ƿ,0
buda,񽺰 ο. ģ ʰ ĥϽó׿,0
䳢2,忡  ĳ ,0
ٴٺα,Ⱑ ؿ ٵ ᰡ ʰԳͿ Ф ,0
Դϴ62,̸ð ĿǸ ø  (?)   ִٴ  ãư....  ʹ ϰ Գ..... ݴ Ǹ̤   ݸ ϳ ŭ µ....7700...))); ߵ ȵǰ  ϴ  Ф   °ſ ?... ( ģ߾),0
,ǰ ģؿ,0
11, մ ϰ ִµ  鼭 ϰ Ҹ  ȵ鸰ٰ λ Ǫ°  ڳ׿,0
,  ˹ٵ Ҹִ°ǰ,0
****,"ֵ ̿ͼ ī俩 ò  弳   鸮׿ (鵵 Ͻʴϴ  湮 Դϴ)
",0
 , ϴ  Ѹ.. ֹϰ 10е Ѱ ٷ.. ܼ ȵǾ  ̸鼭 ٷȽϴ.,0
yun****, Ű ٸµ ڱ  տ ߴٴ  ͼ Ѵٰ 10 Ƹ.. ٸ  ִµ   û .. 12и  ޾Ҵµ ܼ .,0
Ż45,ĿǴ   ٹ    ,0
yangdmsal,˹ٻ ģϳ׿. Ѹ ϴ ޴  ... ̿ϴµ      ,0
ġ,׼Ʈ ֹϷشµ 9εĿǰ ȵȴ̾ƽ,0
ٸ," ũƼ 䱸Ʈ  3 ״µ   ϰ ź̳׿ 
ܸ ̻ϸ Ǽ߳ٵ  ׷ϴ
 ٽѹ غñ ٶϴ",0
,ƾ    ƴϴ󱸿,0
***,ǼҸ ʹ ũ 길ؿ,0
Ks comment,Ÿ Ŭֽ ̶  ̽Ƽ Ծµ  θ鼭 ׳  ź.   Ѵ ...㿣 ٸ . ī δ а ,0
ȣ,ĿǴ ־µ 絵  ο,0
01***, ʹ ,0
nam***,,0
00,ʹ ò,0
jin****,丶ֽ״µ ͼ뼼ô̾ȵȰ ̻Ѹ̳̤,0
ΰ24,,0
ӴϹ31,ģմϴ ,0
5032603,忡 ...,0
ɺ,"ǰ ū Ѻ ԰  ´ٰ 渷ϰ ε  ο ò. 2. Ѻ⿡  ־  ö ̽ũ  α, β  õȫ,  .. ־..   Ƽ Ű ּ.. 3. ٺ ׷  ׷ ī   ϰ ּ ǵ . ģ ٶ . . ׳ ĿǸ  Ѽ  ĵ  °  ̵
",0
, 麸 Ƽ Դµ.. ȫú ȫô β ־ Ա    ߾  Űּ ھ е鵵 ״ ģϽŰ  𸣰ڰ,0
 ̹Ӵϻ,     Ⱦٰ ¥ ο ϳ  ϴ. ⺻  մԵ  ̺ûҸ ؿ.   ʺ Ѿµ մ ԰  ״ΰ.   ̺ 기Ŷ  ״ζ  ġ Ծ.  ̺ Ÿ ɷ ϴ°  ѹ þ. ۿ µ 33ε ǳ  25 ֳ׿.    غԿ.  ȫ  ״µ õ̳׿. ׸  20ƼѾ̱ ưŸ õ 4-5ְ žҶְ ̽ũ־. ̽ũ   Ʒ  ׳  ̿. ׳ . Ⱑ    𸣰ڳ׿.,0
find***, ,0
zin***,ĿǸ  ݾ׿ ϸ ʹ ο. Ÿ Ŀǰ  ־~ ׸  (ܹ߿ٰ ̽ 𸣰ڴµ..) ʹ ģؼ    ǵ  ʹ ׿. ٽô 湮 ҵ ͳ׿~,0
rladpfls,"   ī ƴѰ?    ָ   濡 Ʈ δٰ  ϼż ð  ߿ ̰ڴٰ ׳ ݴ󱸿^^  ̾߱⵵ , ٸ   ٸôٰ    ϼžϳĴϱ ¥ø鼭 .̷, ٸ鼭 ϼ ϱ  ڿ ƴٴϽø鼭  °ñ⵵ϰ  ٿ ´Ͻñ. ׷  ô. ٳ Ű ϱ ϳ Ⱥ̽ð ׳ Ʈ  ô 40 Ѱ ϼ?ȭǿ ûѰ  ְ, ִ    ̽ .ûҸ ҰŸ   ä? ׳  Ѹ  ʰ   ָ Ŀ  ׷ϴ.ٽ Ȱͳ׿^^",0
մ,ģϽð  ..  â Ź.. ¥ ϴ󱸿  ȭ ̵ֺ  ̵ֺ ׳  Ź..  ߾..,0
***, ʹ  ⽺... ־...,0
ߵߵ,ģϽð  ȿ  ̻Դϴ    ׳ ׷~ũƼ ״µ ģ  ״ ־  ƽ,0
**,ڰ ʹ ؿ ,0
34,"Ŭ       ƿ. 켱 öԿ Ǵ° ƴϰ Ѻ 2 ٸ ˴ϴ. װ ׸ ̷  ־~ ٵ Ŭ ؼ   ڼ  ϴ ٵü ߴµ ׷ ƴϳ׿~ ׸ ..ó ũ ȳ ϼ̾.   ÷  ᱹ ũ  Ǳ  ִ ׷ ũ ֽø ھ. ׸  ϶ Ͻø  ʺ  Ÿ   ֵϴ    ϴ.
",0
37,"ε ̳   ʹ  Ŀǰ ؿ......   ϳ ֽô  ھ..... â ɾҴµ  ü  ..... ûұ  ѹ ص Ǵµ... ûҸ  Ͻô..
",0
fgwefer, ΰ .  ʹ ƿ,0
ö,Ʈ  ƿ  ...,0
1441, Ƽ    ְڴ ;µ  ٷ ֹϰ ޾Ҿ~ ߸̾~,0
JH3297,Ƽ ž ޴ ʹ ʰԳµ    ΰ ģ  ð ׳ Ծµ 㿣 ٸ    ƿ,0
ju9272,Կ 뿩  ƴ϶   Դϴ. ¥  ʹ Ʊ^^   5 س  50 ð ϴ٤,0
ɺ6629,  ʰ Ծ,0
Wendy31,   Դϴ Ѱ ˾Ҵµ ԰ α     ܵ  Ȳ.. Ƽ ŰƮ ϸ鼭 ûٷȾ ϴ  õ  Ʈ ִ ȣũ   Ʊ ȣڸ 1% ̼ϰ  ũ  ȣũ ׸ ȿũ ũΰ ũ ε巯 ũ ƴ ϰ     ũ̾ ũ ϰ ״µ Ǹ    ° ϴµ Դٰ   弼 ٺ ׷ ̺  湮ǻ ϴ Ƽ ò    ƴϿ,0
sona kim, ׸ 䰡 . ׷ ټҾ ׿,0
aks***, ƿ. Ѱſ ؼ ĿǾ  ۾ƿ,0
J3sh,  ٷ .     ؼ ƿ. ֹ Űũθ ϰ ̺ ȣ ؼ ̸ ϰ ֹϷ ؿ.  ϰ ø ƿ.  簡  ,0
dio******,ְ ְ ̿  ָ׷  ʹ ϳ׿ Ф ׸ŭ αִ ! Ľüؼؾ 󸰰Ŷ  ̰Ű ̰  Ը ¾Ƽ  ǳ ̰ŸԴµ Ź İ ٸŰƿ ,0
jjh****, û ε巯 ϵ   ʾƿ   Ϻ ׷ Ⱑ ʹ   žؿ ѹ 湮 ,0
61,"ȸ ʹ  ڸ  ɴ      ̿ϴ մ ִ   ;; ᱹ      ٸµ  տ  ұϰ ڿ  е    ְ Ͻð,  ƹ ϰ  Ĵٺ   ڿ  е տ е鿡   ϴ  ƴϳĸ ּż ܿ ԰   ־׿ ... ٽô   ʳ׿..  κ  ؾ  κ  ׿ ^^..",0
****,¥,0
ҹ76,   ִ ̶ָ մ Ұ  ϴ ڸ   ֹ ϴ ý̴  ϴ 䵵  ¥ 󱼷 Ͻô   ߽ϴ  е ׷ ƴϰ   ׷ ᱹ    䵵 ٸ  ּ̾. մ   κе ְ    ¥  ϴ ٽ  ; ʴ,0
**, ʹ  ģؿ ,0
87, ¥ Դϴ Ȧ »  ڸ  ɴ°ų ô  ټ־ ȴٰ ׷ ̶  ־µ ڸ   ɾִ ִµ ׳ ôϴ° ... ٺ˴ϴ Ѱ  񽺰 ƽ,0
p6625,  ģϼ.. ù 湮̸ ֹ   ϱ,0
jjj3768, ־ մϴ  ģ,0
24rrfgg,ý ߵ,0
***,ȣ ,0
ֵո6883,ģ.3̿ͼ 2̺ ⲯֹϰ ٸ ڸű īͿ ؾ ̺ߴµ ٽ ʰԿ е  ڸ ȳְ Ű ȳְ ȳְ  Ҷ ȳشٴµ ƹ ȳϴ» г۸  2̺ ٽ  Ѹ ° ʹг  մϴ. ٽô¾ȿ÷ ĵ 15° ʰ־  ¥ е  ۺ մϴ,0
1214,Ķ Ӹ ˹ٻ ʹ ģ߾   ƴ϶    ٸ ģ鵵 ׷Դٳ׿  ˹ٻٲټ ī信 ڸִ ٸ𸣰 ɾҴµ ̾߱ϸ ˾Ƶٵ Ѽǫ鼭 ȭ̾߱ϰ ֹ  ҽҸ°ൿϴ ָ ģ  ߾ﳲٰ ָ ġ׿  ȿɴϴ  ﵵȳ ̳ κα SNS  ı  ڽϴ~,0
," ʹ޾ƿ.  Ҵµ.. ׸   ʹ ģϳ׿.   ֹϰ ڸ  ϴ ֹϷ  ǰ Į Ҹ ڸ  ϴ° Ȳ; պ ð ƴϾ... ׸  ֽô°    ϰ ΰ °  ¨Ҿ. ּ ְ  Ʈ  ʴ ̶   Ѽ ? ۳⿡  ְ ԰Դ ̶,  湮ߴµ... ٽô 湮  ׿",0
44****, ʹ ģؿ Ѥ,0
dai****," ־ ֹ , ֹ     ֹǼ ˼ϴٴ  Ѹ . մ  .",0
ƶī52,մ  ,0
9165, μ ... α׺ ٰ  ¥ ģϳ׿  ʳ ȿ͵ ٶ ε Ͻó׿ ????ȭ  Դٰ   Գ׿ ΰ Ǽ  õմϴ,0
lkm****,"־. ﶧ ÿϰ~ ٵ  ֹ Ǽ ϼ̾. 񺸴 ʰԿ ̺  󱸿. ٵ   Ȯ غð Ѵٰ....?   ġ ֽŴٰ ϼ̳׿. ִֹ   ʿ ̳׿.  ô 
",0
ٹ****,   ,0
, ϳ ϵǴ īԴϴ ߿  ̸ƿ...,0
̾,    οФ 纣 Ʈ õ. 絵  ־,0
縪, ƿ   ģ,0
г۾, ü ģ!!!! ¸.,0
̿7,Ա  ƴ϶    밡    ˹ٻ ۰ ũκ ʹ Ժη Ͻ  8õְ ̵   ʹ ѽ ˹ٻ մ 񲿱 ٻ۵ Ϸ ڵ µ ȵ鸰ٴ  غ   µ  ˼ϴٰ ϰ ٽ  ִϱ Ʊ ȳ °ſ    ޸  ̷ ڸ մ     ,0
ѳ,ģϰ ֹް  ݴ뿡  ...  û...  ѿ  ̴     ٹ  ... .;;;  #~~,0
chunny,ΰ  ģ. ĿǴ ΰ ϴ ʹ  ,0
***,Ŀ 豹 𸣰,0
aoo2***,˹ ,0
973,Ѱ   ʹ Ե ģϽð Ʊ ʾƿ ĿǸ ~,0
Ʈ8258,  ᰡ δ. Ƹ޸ī ״  ʴ,0
ÿκ, ׷... θ  Ҷҿ ģ!  ã  Դ ϴ ⺻ ģ ƴұ?    ִ մԿԴ ׷ ģϸ ھ!  ʿ ƴϸ ̽Ű? ư ٽô Ȱ,0
Ŀ, ģմϴ.  ó ¯ ϴ° ϴ,0
Chuc0002,ᰡ  ׶󽺿  䰡 ƾ~׳ ̰ź°Ҥ,0
1755,䰡  Ƽ 湮߾~   ο,0
̰849,"ָ ɾµ   Ծ. ÿϰ,  ׿! ĿǴ  ο,   ƴϴ θ ϸ 湮 ǻ ϴ!",0
ȸ,  ΰ  ȸ ſ   (Ʈ),0
7535, -??  ݴ ִµ  嵵 а   Ƽ õ,0
9225, λ絵 뵵  ϰ ģ ᰪ  㿡  ѿ  Ⱥ̴ ϼ!,0
ܿ20,    ־,0
ڿ,  ִµ ڰ ϰ  ƿ!,0
ѳ,ģϰ ֹް  ݴ뿡  ...   û...   ѿ  ̴     ٹ  ... .;;;    #~~~,0
420,̸  ƿ  ᰡ ܰ ִ̰ 4 5 µ ؿ,0
ٸ43, ΰ  .. Ĵ  ƴ϶   ޴ ̳׿.     ص ʹ ϴٴ Դϴ.,0
507,ΰ ,0
Ʒֶַ,    Ѱſ  ʹ ..,0
uy****, ̳׿.ģؿ~,0
ູ,䰡 ݴϴ.  ͵ ְ  ٵ   ־. ׷  4,0
ó8690,ò ΰ ư  ο,0
lhs****,        ׷ ɾƼ 並  ̶ ϸ  ,0
cy_****,  ᰡ ο.,0
϶ѷ,ڸ... ... Ŀ  ...    ¥ ʹ ׿...,0
hui****,ݴ  ʹ µ,0
ää4991,絵  ֽð   ģϽð ƿ,0
ϴ,"ѿ  ϰ ϸ Ŀ
ϰö Ͱƿ. ᰡ 䰪 
Եմ Ȯ ΰͰƿ.  ...",0
SOHA98,ѿ     Դϴ.  Ŀ ̳  ׸ ѵ        ׿. մ ƿ.,0
Ѹ4444, ̻۵..ݴ  ο.,0
1qhr,ѿ  ƿ.  ׷  ο.,0
,   ο~ ѿ 並   ־ ƿ~,0
s2BellaJs2,  ī̸÷    ̳׿^^,0
97,"³̶ ׷ ѿ ⿵Ǿ  ټ ƽ׿.      ñ õ帳ϴ~  ī ѺⰡ ƿ~ ٸ , Ͱ ʹ γ׿;",0
, ѵ  ״,0
ququ91,   ִ  ̸ó  ƿ. Ź Ʈϴ.,0
밨,־ǿ ־ǿ ־̾ ݺο.,0
78,     Ŀ 20и  ĿǸ    ̰ ƴ    ,0
Ann176,ī̸ó  ¯̿!     ? Ƽ̽ ... 翴,0
N e smt,ѿ .     䰡  ׿,0
ī17,ǳƿ!!   ѿ̶ ̤,0
Ϸo, ѳ ƿ  ᰪ  ο,0
ekqlslzz,ī䰡  䢽     ±!,0
yulhahaha, డ ѹ Ѱ ƿ  ο~,0
6021,ݴ ĿǴ ƽ ߽ٿԾ,0
kim, ΰ ƿ~,0
Dina54, Խϴ!  ʰ  ,0
wlstmdqkr123,   ο,0
MANDUMANI, ʹ ޱ⸸ϰ ݵ    ƿ.   Ҿ,0
6751,ᵵ  ϴ ʹ ò ,0
wul,ѵ ȭ 2ĭۿ  ؿ,0
djt****,"ƴ...  īε׶ ݾƳ ׸ ģؿ䤻 մԿ  Դٰ   â   ׳  ü ģ. ̺ ۾ƿ  簢 ,, Ʈ  ģؿ.  մ? Ҹ ȵ鸮 ֹ޴µ Ҹ   ϴ󱸿. ģ  򤻤.. ...ѿ Ǹϰ  ī信 2 Ǹϰ ֵ  ī ٽ ȰŰ׿ Ѹ     ̻۵ ׶ ȿְ  ģؿ^^
",0
rari66, ̻ڴؼ µ  ܸ  ʹ ģϳ׿  ޶ϱ  ϸ鼭 λ̶ λ  Ǫ ȿ ī䵵 ûϳ׿ ٽô ʳ׿^^,0
ffw***,,0
Ʈī3,"ݿ    ׷ϴ. ٴڿ  ʹ  ûһ ҷմϴ. ȸ Ÿα ̺   ʾҽϴ.
",0
thl****,Ʈ 7500ε ũⰡ ʹ ۾Ƽ ¦;;;;;;;,0
70,ĿǱ׳ɱ׷ 絵  ڸ  ,0
***,  ̷ ,0
tru**, . οϴ. ǿ  뵵 ϱ  ԰µ ÿ  ż ƴ޶ ϴµ ÿ  ׾ְ  ׾ִٰ ٷ ϴ ٲֽôµ ˼ϴ   ͯr ġ. ü ü ũ ׷ ĿǸ  Ф 뵵  Ф  ε嵵 ̰   Դϴ ̤̤̤̤ 嵵  ū ī ٴ° ֺ ֹε ΰ ƿ,0
ee*****, ؿ!,0
϶ ۼ, ̾ ֿ õ긯 屺 Ը ũ Ŀǵ ְ  а Ҿ    ѿ ó ȥ Ÿε װ  ƽ׿,0
̽ͺ,ѿ ٰ  ±濡 ȳ׿ ī䰡  а ũ׿ ׸  س   󱸿..     ɾžߵǿ,0
tjmeilleure,"ù 湮!   ϰ ɾ. ǹ ũ δ а ڰ    Ҿ.    մ  ⿡    ڸ  ʰ ġ ̰, Űũ ֹԴϴ.    ó ī亸 500~1000  ̾ϴ.   ٱ ִ ī  ̾.   ־   ߿ ڸ Ƽ  ߽ϴ. ָ   պ ؿ.  ѿ ʿ а ò     ϴ.
",0
е̳,ó  ī䰡 ׿~   ϰ   ׸  Ⱑ ׿~,0
̻ѵ⸮,Ұ  °Ű ϺƼ ¥ ͸ؿ.. ׷ ڸ ̼  󱸿,0
 ð, ڷγ ñε  3  ũ Ⱦ Ͻô   Ȳ󱸿 ϱ⵵  ϱ̤ ... ī䰡 Ŀ ϱ ׿^^ Ǫ 󶼴 մϴ.. ī󶼿 Ǫ ϳ ִµ..   ︮  ϴ   ĸ ڲ ƴٳ༭  i鼭 Ծ,0
richgold26,Ͱ ־     Ÿ ɾ ö󰡴°   âڸ   ׾...,0
,Ƹ ϰ ־ ٴҶ ׳ մϴ ־  ũ Ⱦ  ~ ī  ƿ ߿ Ʈ Ծ߰ھ  ,0
tudeong,Ḧ   ũ Ⱦ ־ ߽ϴ 嵵 ÿ ʾұ ٴҶ󶼴 ٴҶ   οϴ νŸ ͺôµ Ǹ׿,0
foq****,ũ ,0
46,â  ̴ 䰡 Ź Ʈ! ̵尡 ־. ũ  ּ~,0
**,ð ʹ ,0
8213, ִµ  ׳ɱ׷ ģ ʾƿ,0
dks***,ģ ʾҾ ǮȭƮ Ծµ ,0
bet***,", ũοͻ ִµ  . ׸ ¥.. ò..",0
,ִµ  ο,0
̼õ7482,¥λ̺ο,0
Ķ׸58,ݴ Ф,0
׸, ణ  ־ Ư ,0
õǸ,ΰ ۾Ƽ պ. ,0
, ûṮ   Ű澲 ڴٰ մϴ.,0
nahyun79,ȭǿ    ,0
cow****,ڸ  ĵְ ٵ鱦ٰ ߾ ƽ  ȭ̸ ߳׿ Ѱ~~~,0
ε鷹5878, Ǹ ޴ ׿.  ʹ  ʾƼ ְ Ծ ٸ ̺ ĸ ƴٳ༭  Ű ϴ.  湮ϰ  .,0
Astrid12,  ׸ ٴ Űּ,0
Ϸ8288,־  ٵ.ûῡ   Űּ ڽϴ,0
ǹ̷5241,"ĸ,ĸ  ־ ..׷.ڲ Ŀ ͼ ɾƼФ Դ i...ġ ä  ̿ Ӹī .θ ..ƽ.",0
ۺa,"  ణ õ    ʾҳ׿.    ٵ ķ ƽϴ٤.    Ŀ   ȴٴ ? (̺  νⰡ ִ  ҽϴ..)  湮 ǻ ְ, ߿   ִ  Ծ ͳ׿~",0
Min7372, ؼ  ̰ ־  ϰ   Դϴ ׷ ӹũξƻ ־ ü 亸ٴ ī ȿ    Ͻô е鲲 õմϴ,0
Juuu,"ĺ극 ڻ ״µ 230ε  ְ , İ ʹ ϴ. ׸ ĺ극 ҽ Ȱ 񸰸 ϴ  ݴ Ƽ ζ  ϴ",0
 ˽,ݴ밡   ޴ ī ٲܼ ־ ƿ,0
hyk0527,  ΰ θ  ƽ,0
9***,е ʹ ģؿ,0
mom4kids,"Ŀ īε  
¦ ƽ׿. ",0
389,׸   ݵ ΰ  ״   ,0
san****,"켱 ݴ,     ٵ  
 ",0
ʿͳ35, ʹ Ƽ ټ ֹ~ ᵵ ʰ Դµ  ȣ  Ф  ݵ ѵ ؿ.. ׸ ~,0
Ÿ,,0
FUN9,"ũοͻ  ݴ밡   ,,",0
, ΰ ..   𸣰    ְ ̹ û  ̴ּµ   ó׿   ǼǼ̶    ;,0
966028,  ìܰ鼭 䳲  ƴϰ ī ܰ  ƴ ʹ ߾ ϳ ϴ٤䰡  淡 ϰµ Ŀǰ  ִٴ° ϳ 𸣰ڰ ̰ž  ̶ ׷ġ մ  ⺻ ȵִ  Ŀ2 ֹ濡 ̳ Ͻôµ    ؼ  ¿հŸ ѷ  Ÿ  ϳ ڰ ʿ Ŀǵ ƴϿ ⲯ ũƿܿ ָ鼭 20 ٷȴٰ ޾Ұ   ڸ ϳ µ ׿    Ȳ ϴٰ Ѱܳ Ŀ Ѹ   Գ׿䤻 ߵǰ մ Ŷ  ⺻ 񽺳 Ű ^^ ٽ Ͼ,0
abc***,"   ... 丶ֽ 6,500 ߿ 6,000 ̶   Դϴ. Ʈ ׷  ϱ մϴ. ׸  õ忡 ʷϻ   ּ..  , ̺  ȭϱ ϴ",0
ror****, Ŀ,0
****,Ŀ ΰ Ȱǰ..   ϴ.,0
,ź α  ϱ ؿ. ٵ 3ð ΰ 4ðĺʹ  ޾ƿ  ׸ ϰ  ߿ܵ ڸ ־  ڸ  մϴ Ͻñ ĿǸ ϰ Ŀ  Ը    ϰ  ƿ,0
Ʈ,"  ò  ¼  ְ, ܺΰ  ̿ϴµ    ƿ.  1 1, ǹ  ܺ ְ, ȳ ־. 귱ġ޴ Ŀ,   Ҹƴ ־. Ŀǿ ᰡݴ밡   ϴ. Ư ̵ û  ŭϰ ־. ǹ ĸ鿡 ִ  ޻ 췯 ǪǪ .     ƿ. ī̿밴  2ð   ƽؿ.  ⱸ  Ф 2ð Ĵ 10п 1500Դϴ.",0
ϴ7742,а  ƿ~^^  ȯ ϱ  ̿  ~^^ ٵ ָ  2ð Դϴ,0
MYOON,"ڳ ֳÿ ־.  ó ̷ 
 ʾҴͰ ʱ ϸ鼭 
  ̳׿. ݴ밡  ִ ",0
vegas,䰡  ʹ  ׸   õǰ  ؿ. ¼  о   Ƶ ̾   ݴ    ׳ɱ׷  ϰ   ī   ̿~޴  ε   ð   ƽ~,0
쳪79,_ Ÿ ĿǷ 1500߰ߴ 8000.Ĵ. ΰ ̰̳׿. ׸     ī䡦 Ḷø 2ð .,0
HELLOo,ź ̷  ִٴ! ڿ Բϴ  ᰡ . ð Ф,0
,䵵  ؿ  ҳ ְ   ִµ   ٽ     ƿ 2ð   ƽ...,0
Lazy Beauty,  γ׿.,0
69, 30 2700 Գ׿.   ī並 ̿ϴ    ٵ...,0
Lee986,ǹ   ؿ   տ ִ ī ġ ʹ ׿ ٵ ׸ŭ  ƿ~,0
̼90," ֽôº ż ߱ Ͽ̶ ׷  ٺ̴̼µ е ģϽð ᵵ ְ ̾! ǳ  ò 2 ׶󽺿 ɾҴµ 信 ȭο  ʹ Ҿ!  мĸ  ,,,",0
meemeemee,"ñ״ó   Ѻþ. Ʈ߸ ְ, ߸󶼴   ݰ ̿.  Ʈ߸   ų ׷.      մϴ. 嵵 ־  ƿ.",0
091****,ָ  2ð Ό,
S2s25," ޴ Ѽ ᰪ  6ε  ʹ ϴ  û ְ ̷ ʾƿ   Ͻ ʿ䰡  ̶ ʹ ٸ  ⵵ ξ ۰ ﵵ ٸ    ׸  ð δ° ٻ  ̻ Ÿ ϸ ߰ð ÷ִ°͵ ʿغԴϴ ⼭  ʸ µ ָ 2ð ̵̻Ǹ   ߵȴϽô  ġ ׸, Ŀǰ    Ǹ ϴ.",0
ȫ112,䵵  ĿǸ Ҵµ 2ð  ,0
01t****,̤,0
̸65,,0
Ҹ2188, Ʈ ־~   ,0
SOVELY, ̰ ϸ ״,0
30, ʹ ο,0
whiteperi, ̳ ,0
37,  ؿ ѵ ...,0
yeo****,׸ ۵ װ ΰ ٽ ȿ,0
roo****, ð ʹ ª,0
ȫ75,׸ ڰ а  ϰ... ׸ ο ,0
lazy Beauty,"߿! ǳ    ̳ ò! , ,  Ұ ϼ.( ĵ ̱ ^^;) ----  ϰ ǹ ũ  Ծ   ̿.    귱ġ ε ʵ ū ø  󱸿   åа   湮ߴµ ¼ ѵ ǳ û ò.   ͵ ƴϰ  ò  ͵ ƴѵ ǹ +    ƿ. 1ð ɾ Ӹ ︱ . ͺø  ǵ Ϸ ų å б⿡ ؿ. ٶ⿡ Ҹ տ   ð ϵ Ĺ  õ ü  ֽñ ٶϴ. ܺ   ĳ ž ŷ̿",0
fqdd***,ʹ ò ׳,0
smil255,  ָΰ  ȯý  ۵ȵ ڸ θ    Ŀ ״ڡ Ƽ 湮 ٽô ȿõ,0
̰,ĿǴ Ѹ ŭѸ  ֱ ߸󶼴 ־! ӿ ־    ÿϰ ҽϴ!,0
sty****,"߿ ̷ ģ
ϰ",0
catqueen, ҽ.,0
soy1,"  
â â",0
dms****,ģؿ,0
Jake Ji88,"Ÿ 10⵿    
ִ Դϴ.  ׵ ٳ   
CS δ ܿ е ־ ̱...",0
ä83, ϸ  ƿ° ƴ϶  ƿ׿. Ÿ   ̷ ģ  óԴϴ.,0
Ĩ,īͿ ź ģؼ  ,0
puc****, ģ?????????? !    ϼ. ƹ ̶  ʹ Ͻô° ƴϽ? ģ 1 ϵ!,0
 ̷,е ģϽð   ģ,0
hjd****,ö° ø찡  ƽ ְ ФФ,0
ູ78,   óϴ. ,0
,     ƿ еģؿ,0
麰1010," ũƿؼ  Ծϴ. µ ϰ    ϳ  ϴ. ʷϻ Ҹ  ǰ  ϴ. (ٸ  ̷ ʾҴ ɷ մϴ.)   Ծ ԰   ̾  Կ Ǹ Ƚϴ. ׷  Ǵ µ ֹϴٸ ̳ ÷ ߰Ͻö  Ͻô.  湮ؼ Ǵ   ٽ Ծ   Ŷ ޶ װ ȴµ,   ⸸ ݺϼ̽ϴ. ̶ ̶   µ    ׿.  , Ŵ   ߸ ٴ     ׷ϴ.",0
carrotcake,ʹ ģؼ ٽ    ƿ,0
ù4,ħ    Ŀ 簡  ſµ   γ׿,0
97, Ѹ ģϰ ǥ  ִ°ǵ װ ׷ ,0
lovelymk,"Ƽ ģ   Ƽ ̿   ׷  µ   ̾ ǥ, µ,    ʾҾ",0
UpToDaSky, Ͻô   ģϼ ھ,0
,е ¥ ģϽð   ̺꽺 û зФФФ2 ο  ϳ ̺꽺 ϱ  ãư鼭 ̿ϱ⿣ ŷο Դϴ٤ФФФ,0
7177,Ŀ ֽô  ʹ ģ߾  ħ    Ƹ޸ī ÷Դµ    Ѵּż   öԳ׿,0
ssu****, ģϱ ȸ 1Ͻǵ,0
5078, ģϰ ȭǵ ĭ ΰۿ  ؿ,0
231001,   ִ ǳ ,0
ssu****, ,0
176, ϰ ̺ ϰ ȭǵ ϰ ȯ,0
5250,Ʈʵ ģ. 2 Ǿ־   ̺  .,0
,׻ ģؿ,0
޸39,..ģ ʾƿ,0
JuN2421,̺ ʹ ,0
vjgg****, ܼƮ ϴ   ;,0
kih0722,  īͿ   ʾƼ  ߽ϴ..  ־,0
joqq***,ȭ  ȵŰ ٷ  ̺ ִµ  ,0
 ,ʹ ־ ٵ ð ʹ ɷ,0
ѷ77,  ھ ݿ  ʹ â̿,0
1036,  ò,0
Ʈ1718,Ÿ޴ ε. ģ ,0
Ʈ1718,ģ ʰ ,0
munch girl,˹ٻ  ģؿ ٵ ... Ʈ ͼ ۾   ĸ ʹ  ٳ༭ ؿ ̤ ƹ    ׷...  ݰų ϼž ҰŰƿ. Ф  ȵɱ? ̰͸ ƴϸ ްĿǺ    ð ƿ. Ư ˹ٻ ٵ ģѰ Ůϴ.,0
Ư,ģ ģ.,0
̼ȣ73 , ϰ Ǵ ޴   ,0
ehd***,ָ ڳ׿... ϰ   ʾҴµ  ϰ 밡° ƴϳĸ Ͻô  ϴ ֿԴµ  湮ϱ  ׷׿ ׸   ٸ ϰ ٷ ٸ ô󱸿  ݴ Űּ ϳ׿   ī̿ϴ» и Ƴ׿,0
ں,"50 Ǵ ں ʹ ģؼ ֹҶ   ƽϴ. ĿǼ󿡼 ̷ ģ ó̳׿ ٸ Ҹ  Ҷ ߰ ݳ ֹ ߴµ ⼭ ȵȴٰ  ߶ ϳ׿     ٸ ¥  Ҹ, մ  ⿡ ſ   Դµ  ;ϴ.",0
for***,ſںкģ ſģ 翡ʿѸԴϴ.,0
ɽŴ, ְ е ģϽ... ġ ġθŭ  մ ϴ. Ͻ е ٸ  ̿ϼ~,0
¯69,ģ ʾƼ  ƽ ̰ ε鵵 ׷ 󱸿 ǳ ʹ  ӷŰ  ñ״óĿǵ ƽ ΰ ʹ Ѱ Ҿ,0
bat***,ȶ󶼴 ٴҶ ƿ     ̱ؿ̤ ٵ ް ʹ ֳ׿:)),0
޷󷹶,   ֽϴ   ΰ Ŀǿ ̾,0
̰26,  ο,0
yoo****, ð񵿳׿ 幰 ֿٰ ⸸ ׷ϰ   ݵ ΰ   ᰡ ־   ͵ ƴѵ Ⱑ   غҰ Ŀ ī 󸶳 س ,0
𽺹32 ,̵7000 ݴ  Ǿ׿~,0
Ͼᳪ85,ᰪ  ο ġ  ƿ,0
8846,"ֹ  ȣ ִ ֹ Ȯ Ұ ʿѵؿ..
ؼ 鵵 ̰ ٸ 鵵 ʹ ..",0
,ֹ ޴  ģ. ֹϴ° ΰ̿ ֹ ʿ ϳ? ߴ  ϴ ڰ Ѥ ḻߴ ̽ ѰſѤ ̷;  Űڳ? 湮ߴ Ҹ߿  ģϰ  ιٽ Ȱϳ׿.,0
̶,ܵ  ߿ ˾.....,0
HJHJHJHJHJ,ģϽŵ ٴҶ Ʈ ٸ ֹ ̤,0
ham***,ݴ ĿǸ  ,0
897,ģ,0
saj***,̶ ī Ϸ ģ ĿǸ ,0
߾ड,ƾư   Ⱦ,0
򲿷,"¼  ̰ û Դϴ. ġ  ׶󽺰 ־ 賿  3 ̿ϴ ڿ ӽϴ. ׶ ʿ    ʿ伺 ־ Դϴ.
",0
329 , ...  ,0
Qua*****,Ŀǰ ٸ   Ѱ   ƿ,0
psj***,"ֹ ȸ ,˹ٻ ģմϴ ٸ,ٺ ׷   ʳ׿",0
Min7729,  ߿,0
1,ȭǿ  Ĩϴ,0
ζ1÷, ,0
,...ĿǸ ȭ.....,0
,ĿǴ  䱸()  ȵְ ģ !,0
ee1199,ģ ʾƿ,0
sfm****,Ѹ °   ,0
޴ϳ ,  길ϰ ò ׳ Ծ,0
ǾƳ1004,"湮 , ̽ ƸƮе ̰   ںа ں ʹ ģϼż ߾~ ׸  ̵ƶ   ݾ ٸ  ĿǸ Ҿ :)",1
, ģϽñ,1
ϸɲ,в ģؿ,1
ssssssS2, ϸ 200 α???? ׻ ģϽ  κ մϴ,1
ٰ̱, û ģϽð ƿ..,1
ζ1÷,ģؼ ƿ  Ŀ ũƿؼ Դµ ׷  湮մϴ âϼ!,1
,  ģϼ,1
, ģϽñ ᵵ  ͼ ƿ~~,1
lsm3,ģ.,0
sky****,ģϿ ƿ,1
200****,Ź  ° Ե ʹ ģϼ ĿǸ ,1
BDP1213, ģؿ.,0
âT 114 T 202,ģϼ,1
8514, ģϽð  а ؿ   ؼ    Դϴ~~,1
youyoki," ģϽð,  ⵵  ƿ!",1
qmffor,ģϽð ƿ~,1
Ƹ0,ī ʹ   ģϰ ؿ,1
vik****,ᰡ ʹ  ,0
ks85,е ģϽð ĿǸ ī   ־ ƿ,1
91,еģϼ^^,1
min****,ǳ о ƿ  ģϰ,1
kim201979,ģϼ մϴ,
,"̼ű忡  ٸ ִ  2̶ ã . Ʈ 2 ƽ Ĺ  Ҵ 3,  Ѵ ̴ ž ʹ Ҿ..Ʊڱ ǰ   ſ~Ϸ30ܸ ǸѴٴ ĸ  ֹ̳׿~Դ̰ !!",1
Aabecede,԰ ¥ Ʊڱ  ̻ ұ  ٸ⿡  ߳ ̿?? ׸  ¥ ¯  Ѽ Ҷ Ծ ĸ ڱ⸸ Ѱ ƴ϶  ܸ.  絵  ؼ ģ Ƹ޸ī Ѽ  Ծ  󱸿.,1
sini4070,  ڱϴ ǰ ׸ ʹ վ   Ծ  ־,1
Kkkl3625,¥ ĸ ʹ ־!  ö ãƿ ̿䤾  ȿ ġ   ִµ ʹ ְ ġ  ȭ  䤾 ׸ ʹ ڳ׿! Ѱ  ֳ䤾 θ ð µ û ϼ̾! ᵵ  ʹ ־ϴ社Ʈ ҷε  õؿ!,1
ؽ47, ùε ̷   ִ  ֱٿ ˾ҳ׿  θ Ĵ ĸ Ծôµ ڵ ְ ϵ ʹ ϰ  ̻ڰ   ʹ ģϽð Ե ϴ ģ   ͳ׿????????,1
¥3000ŭ, ũ ؿ! ٻڽŵ  ģϽð ž ̼ű ٷ ! ϰ Դµ  ̻̿!,1
1225, ư  ư ĸ  ư  Ʈ Ƴ׿ ^________^,1
,  鼭 ϰ ̼ű ʹ ƿ:),1
߹ٸ83,  ĸ ־ Ʈ  Ͻø غ,1
αְ,쿬ϰ ȴٰ ׳ ʹ Ƽ ٽ Ծ ׸ 2 3 ٸ׸־ 2 Ʈ  ȣϴ   ߾ ĸ並 Ծ ̽  氡!!! ູ 氡!!! ԰ е鵵 ģϱ  ĸ ! ġ ־   鼭  ˾Ҵٴ° ~  ò^^,1
lyc****, ϱ  īؼ Դµ  ĿǶ    ž׿䤻 ¥ ־!!,1
ִ99,⵵ĸ䵵 ֿФ  ѹ ;߰ھ  ġƿ,1
Amazing Grace49,̷ ȭ ĸϿ!! Ф ϵ żϰ ޴ Ƿθ  Ǯֳ׿ !! մϴ~~~~~~^^    ġ  ˰  ׿~~~~^^,1
6791,"ͼ 鸥ǵ ̽Ƹī ְ ǳ  ʹ ƿ,,, ϶   žī䵵 ְ  ǿۿ ",1
˻,׳  ̿...  ˹ٻ Ե ģϽð ĸ信 ؼ µ ī䵵 ڰ... ְ ְ!!!!    ī信 ְ ߸Ծϴ!!!!! ɽð ׷ ī信  ξ󱸿  ѹ ô  õ,1
Loyal,ָ ̱淡 ϴ ͺôµ   ٹ̳׿! ٹ Ÿ ׸ ʹ ϴ μ ų  ۿ..Ф    ѹ   ;!,1
Meredith63, 12 Դٰ ȴµ   ̳׿䤻  Դϴ 3  :) ĸ䵵   Ա⢽,1
32, ǵ  ִ ߾  īԴϴ. Ե ģϽð ⵵ ƿ?? θ԰ ŵ Ͱƿ,1
hr****, ѹ ͺ ;,1
äwhitney40, 쿬 鷶µ  Ÿ  ĸ  ߾ ȸϴ  ð ~ ̼  ó ð Ǹ θ԰ Բ 湮 õ 帳ϴ :),1
smiletome,̼  â  ̴ 䰡  ׿. ģϰ ־~~,1
ֽ6650,䰡 ʹ ̻ڰ  ͵ ʹ ־  ࿡   ????????????????,1
to****,Ŀǵ ְ 䵵 ־~~~~    ò~~,1
yie****,ҳ ٴ Ͼᵹ  ̳׿ ߿̺  ǳ â̶׿  Ưϰ ƿ,1
sseggn21,䰡 ʹ ƿ 2 â ʹ ϴ!!!    ̻ڰ ~  ġ  Դϴ!!! Ŀǵ  ֳ׿!!,1
145, 佺 ĽŸ ʹ ־. 䵵 ʹ  ࿡   ̿><  պ ʾƼ  ҽϴ.,1
op****,"ģѾ õް ̶ Դµ, 䵵 ʹ ĿǶ ᵵ ְ  ϱ  ڸ  ޶ ʹ ƿ?? ̵ θԵ ϼ",1
tjt****,Ŀǵ ᵵ 䵵  ־ Ŀ      ~~!!! ¦¦¦,1
97, Ͽ ʹ ļ   Դµ ʹ   ִ  ߰ؼ  ƿ䤾 ָ  Դµ  ̿ Ư ޴ ŷְ ٴٿ  ︮ ̵嵵 ⸦  Ѽ   ˴ϴ!,1
HYS68, NO.1 귱ġ̿! ö Ƽ 丸 ǰ ʹ ϴ :) ε鵵 湮ϴ õմϴ! # #ī,1
8453,غ ٷο  ī䰡־Ծ ⵵ʹ ؿܿ °Ͱƿ 䵵 Ư깰 ġǶ 󱸸 ѺҾ ĵ־ ؿܿ°Ͱƿ,1
Hannah54,ֺ   ˻ϴٰ Դµ ̻ 䰡 ʹ ƿ?? ܺ ڸ ڰ  ̴ ٴٺ䵵 ޴ϴ  Ʈ   ֱ ǵ ־ϴ   Ѳ   ܸ̳׿??,1
juju259,ī տ ٴٺ䰡 ƿ 緹̵ ٴٱ վ ĿǸ ƿ,1
app****,1 䰡   ؿ ̳׿.  ϰ ֹߴµ ʹ ְ ñ״İԴϴ. ָ Դ ʹ  ð Ҹ ã ϴ.   ڽϴ.,1
ٴ4543, ī並 ãƺٰ ʹ    Ⱦ! ȿ ۿ ٴٰ ٷ ̴ 䰡 ʹ ƿ䢽 ž ڰ  ٸ־  ڰ Ϳ! ĵ ó Ծ ޴ε ʹ ־   ϴ ģ ʹ ߸Ծ䢽 Ŀǿ ᵵ ְ ī Ծִ ñ״ó ᵵ ־ ҽϴ碽,1
hsy****,ġ  귱ġ ؼ  ƿ! ŹƮ̴  Բ   ְ Ա!,1
52,"䵵 ʹ ⿡ , 귱ġ żϰ ־^^  󶼿    õԴϴ??",1
9420, ϸ鼭   ã  Ծ! ̿ Բϴ ̶ ó ؾа ϰ ٷ ó ī ڽ ʹ ƿ! ħ ԰ ͼ Ŀǿ Ḹ ֹߴٰ ̰ ٰ ؼ 갫󱸵 ״µ ʱ  ϰ ʹ ־!! ִ 귱ġ ޴ λ ʹ մϴ!!  ΰ Բ   Ұƿ,1
xld****,ٴٺ鼭  Ա ̳׿!  䰡 ߳ͼ λ   ׿  վ Ʊ⵵  Գ׿ Ŀǵο,1
õ66,"䵵  ߿ ̺ ٶ Ļϴ  ׿  ϸ,,,,,, ̼ű忡 Դ 5õ¥ ſ 4õ¥   ׿.  е Ͻõ絥 츮Ը ̷",1
hao****,ī信  ǵ  Դϴ 䵵  ƿ ¯¯  !,1
Ḿ,ʵл ſ 湮߾.  ߾ ϻ ſ ð ½ϴ.,1
jym****,ͼ ߰ ī  ÷̽ ī䵵 ʹ ̻ڰ 䵵 ʹ ƿ~  Ʈ   佺 ĸ䵵   Դϴ!!!,1
3137,ĸ ־  Ѹ־ϴ????  ġ ʹ ׿?? ǵ    ϴ??,1
alpaca10,"ǳ ⵵  , ̶  ĸ ־~   Դµ â Ŀ ÿ ٶ ǳҸ ʹ  !   弼",1
sh8317,̼ű ٷξտ ִ 2 ִ ȭٹ 䵵 ְ ĸ䵵  ƿ,1
5,̹׺  Ҹ ī 1 ڲ ˻Ǽ ö淡     ٸ  ־ ű⤾ âʿ ɾƼ âƲ ̺ Ǫϴð  ָ ̴ ð 鼭    ִ  ۶ ١,1
ʾ5676,ϰ Ϳ ׸ ʹ ƿ.  ־.,1
838,氡 Ʈī䰡 ־ Դµ Ⱑ ׿  Ҹ ԰ Դµ  ʹ ־!!  ͼ ǵ鵵 ̰ θԽô ǵ鵵 ̰   ,1
One4780,"ó 湮ߴµ, ǳ ׸   ׿. 󸶸 Ծ ĸ    ԰ ϴ??",1
STELLA0906,ĸ  ? . ѳ  ׸ Ʊڱ  Ѱ ġؼ 䵵 ,1
960,Ⱑ ƿ! ,1
 ,̵     ī信!  ĸ䰡 ¥ 絵  پ    ̻ڴ䤾  ϰ ֹ ÿ  ġ  þ մ????????,1
Ƹġ, ƿ~ ϰ ĸ䵵  Ծ ֳ׿,1
ÿ4018," ȿ ġ ־ ڸ  ¥¥ ִµ, ̸ Ŵ  ׻ ֹϸ ٷ ֽʴϴ!!  ϴ  ! ĿǶ Ծ ־~",1
,ͼ   ε Ѱ͸ŭ ī ⵵   Ե ģϽó׿~ ĸ䵵  ⳪ ְ Ծϴ    ູϰ ϰ ׿~㿡  鸮ڽϴ! ^^,1
ѹ̸, ģϽð ĸ ᵵ ־ ??????,1
1225, ̷!!!!!!!! ᵵ  ĸ ޴ޱ ̳׿  ġ Ӽΰ? ¥ý!!  ¥ Ե  ̳׿ ^^,1
thfyd01,ʹ ƿ ĸ信 ̶  ڵ  ȿ   ־ پ   ʹ ־ϴ ڸ̵嵵 ʰ ־ ¯¯ Ŀǵ  ҽϴ    ´ٸ  ٽ  ͽϴ ??,1
jco****,䰡 ʹ ~ ᵵ ־??????,1
dla****,"䵵 ʹ ϰ ׿, ۿ 밡ϴ ʹƿ^^   緹̵ ʹ ֽϴ~!",1
hye****,䰡 ƿ. ־ ũ Ƹ޸ī ʹ ־ϴ :) ̾߱ϱ⵵   >_<    鷯ֽñ ٷ!,1
mat holic,,1
ȣ3,  ¾ ٴٸ ϴ  ãٺ īī Դ. ģϰ     Ծ  ó̾µ  ̸ 䰡 ٰ  Ʈüڿ 갫󱸽İƼ ֹؼ Ծµ ִٰ  ϼ̴.   ڰ ϰ Դ.    䰡 ư ĸ ư Ŀǵ ִ ̴.,1
879,ٸ  Ⱑ  Űϴ Ŀǵ ᵵ ֳ׿ 緹̵ >_<,1
minimini00,ҹ ãƿ ;µ ó  Դٰ !! ͺ    ĿǸ  е鵵  ģ.. ̶  ֿ ʹ.. ƽٸ,1
ũƮ ߹, ־ Ưǰ   ֹߴµ ʰ ︮ ̿!! Ư  о ټ ƿ! ,1
ee,ī䰡 ϴ   ƿ ĽŸ ڰ Ļ޴ ־  赵 ä ְ  ƿ,1
suuuy,޴ Ưϰ ߿ܰ ߵǾ־   ްµ  Ա ʹ ƿ뤾 ǥ޴ ĽŸ ʹ ־!!,1
shin2753,Ź Ʈ Ǻ䰡 ĳ ó  ־~ Ŀ  ־    Ŀ?? ݵ ո̰   ̿~,1
ghd****, 湮ϰ;µ  ְ  ʹ ͼ  ƽ ׳ ư ٽ 湮 ؼ 1 2 Ǫž   ѷ ʹʹ  Ѱ ƿ ó  湮ϽŴٸ  ѹ ̿غ!! 鵵 ̵鵵  Ҹ ޴  ׸ Ǻ ϱ  ΰ ƿ !!!  !! θ ż λ ! !  ñ ٷ~~!!,1
̷24, ְ ģϰ 䵵 ƿ,1
sjy****,䵵  귱ġ ᵵ ϰ ־~~!׵ ƿ,1
Ĳ,䰡 ʹ  ߿ܿ   ϴ. ĵ ְ ĿǱ  ǰ ƿ~!,1
,ģԴϴ Ǹ־ ְ,1
Sora51,̳׿    ڰ Ϳ! ᵵ ְ  Ŀ ϱ  պ ʰ Ҽִ ð  ູؿ,1
62, ͼ ٰ ߰ߴµ 䵵 ʹ ĵ ֳ׿~~~~~ ٴ尡 ̶ Ⱑ ְ׿^^,1
޻81,  üũƿϸ鼭 ħ  ī並 ãҴµ~  ƺ̴ ī ! ̴󱸿~ ޾    ߿ ̺ ɾƼ Դµ ó 䰡ƿ. Ŀǵ ְ ĵ ְ^^ ̵ پ  絵 ְ ٴҸ  Ŀ ô  ׿~!!,1
sunny785,䰡 ~ ƿ!  Ưְ .ҸӴ ð Դµ  ϰ ִٰ ϼ̾.п  ߾  ϴ!ȸ Ǹ  ;,1
15,߿ ְߵ ؼ Ұ ī ޴ ־ Ҿ~~ ⵵ ϰ ־~~! ٴ尡 䰡 ̾ ߿ܿ ɾֱ Ҿ,1
seu****," ؼ ִٰؼ ߿ ãƿԴٰ  ߿ ֺ õ ãƿ ̰ ī,  Ŀ ֹߴµ  ܵ ũ Ŀǵ ־.    ø â Ƹٿ غ  ٶ󺸴 ູϳ׿ ?? 2  ġ      ????",1
8929,ٴٰ ̰ ϴ Ķ 䰡 ʹ ̻~  ñ״  Ѻôµ ޴ϸ鼭 Խθ Ŀǰ ʹ ־. ĵ ִٰؼ Ѻ ;µ αⰡ  ׷  Ѽ ƽ׿. ģ ð  ~,1
dyw****, Դµ  ư ư ʹ ƿ??  ڿ ־  ϰ  䰡 ¥ ,1
43,Ǻ䰡 ʹ ̻ڱ!! ñ׳ Ŀ ٴٱ. ⵵ʹ ־!! ι° 湮ε ̹ ϰϴ~ ø ī ߰!!!,1
77,ᵵ հ 䰡 ʹ ƿ~  Ծµ  ־ վ   ԰ͳ׿Ф  󶼵 հ ν뵵 ̿!,1
o0o7181,ǳ ־~ ٴ ٷ  ־ 䰡   ߳ɴϴ ĵ ־  ??,1
che****,  ĽŸ  弼!! ¥ ̶  Դµ ʹ ־ Ϸ ׿!!  Ʈõ Ҿ䤾 ׷ 11 20 µ ǹ  ڸ  ־µ ǹ  ڸ    е鵵 û ž ̴󱸿!! 12 20п  ̶ ȳ ٴ󱸿䤧  ÷  ! ׸ ٴٺ ¥ ÿϰ շֽϴ!!  Ź ƮԴϴ!! ¥ ʹ !!!,1
 ,ġ  ϴ. 2  ġ  ߳ɴϴ.ٸ  ¦ մϴ.,1
θθ88, ĵ ̰  ¥ ǥ  ʹ  λ Ǻ ī Ф ٴٺ䰡 Ź Ʈ    λ   ī俹      ī??,1
gmlwls7219,"䵵    ؼ ƿ!! ٶδ ڸ ְ, ٶ  δ ڸ ־ ƿ! ũ ᵵ ־   ",1
soy****,"ٴٸ  ɾ Ǵµ ̿. 䰡 ʹ  ᵵ ־. Ư ᰡ ʹ ڰ  ε, ε ſ ׿.  ĵ Ű淡 ʹ ־ ߰ ֹϷߴ   Ծ   ƽ.  湮Ҷ  ͼ  Ծ߰ھ.",1
9, ʹ ڰ Ǿְ  ƿ:)  ĽŸ ε ְ Ծ ڵ ʹ  !!    湮 Ұſ^^,1
Cool45, ͼ  䰡  ī. 䰡 ¥ .   ô.   ְ!  ־. ׳ ڱ⸸  ᰡ ƴ϶ ڰ ְ  ؿ. Ŀǿ ᵵ ־. ñ״ó ޴ ߿ ٴٱ Ѻôµ ־??,1
sks2852, ־^^,1
ǵδٴ,䰡ʹ ڰ ĵ  ģϽð ؿ̵ ־ ٽ Ծ 񰡿³ 䰡 ְԴϴ õ Ϳ ְԴϴ,1
jim****, óͼ Ե 귱ġī! 浵 ʹ̻ڰ ī  ܺε ʹ̻ ½ð ° ٷ Դµ  ȸ մϴ !,1
HyeLin52,  õ޾Ƽ 湮ߴµ е ģϰ   귱ġŴ ־ Ҿ!    湮Ϸ??????,1
9372,  ͼ 鸰! Ǻ ʹ ƿ Ư ᰡ ְ  Ļ絵 ؿ    ־ ⿡   õǾ־,1
lovelysarah,䰡   ī信  Ŀǵ ʹ Ưְ ־!!! ɟ ־!! :),1
Selina33," ö 湮ϴ !  ĽŸ ʹ ְ,, 䵵 ʹ ФФФ",1
20,޴ Ưϱ ־!,1
Raphael61, ͼ ôµ ٴٺ䰡 ʹ . ڿ ĽŸ ְ ᵵ ʹ ־ ũƿҶ ׾.   ðԿ~,1
ϴ,ٴ尡 ־ 䰡 ƿ. ĽŸ    ־. ٴҶ  û ֽ~ Ŀǿ ᰡ ־.,1
ְ91,   ī  Ⱑ  䰡   ƿ! ׶󽺵  غ Ǿ־  ÿ     ƿ?? Ư ̵尰  Ͱ ڰ ܼ   Ϳ Ŀǵ ĵ ֱ   ͼ    ϴ!!,1
Ḹ5142,䰡 ¥ ƾ!!  ٴٰ ʹ ̻ڳ׿??   ¥ ̻۵  ٴ° ʹ ƽФ   ԰ͼ ̹ ѸԾ  Ծ!  ĽŸ ־̴󱸿䤾  ¥ νŸ ε  ʹ ־䤾!  ٴڿ ִ ̶ Ͼ  λ  ʹ ƿ????  ʹ ߳Ϳ!   ø   湮غô° õ帳ϴ !!,1
kkang4901,䰡 ƿ,1
sor****, ؼ 䰡  īԴϴ. 󶼶  ī信 Ĵ Ŀǰ ־.,1
̵39,䰡 ֳ׿~~~ ְ ̵ ¯,1
Eumi," ڸ  īε 䵵 ʹ , ᰡ ֳ׿!!! ĵ ֳ󱸿~    鸮 ;~",1
11117936,ٴٱ־,1
׳ɿ92, ߿ܰ ʹ ׿   ߾ ߰,1
78,䰡 ¥ ƾ!!  ٴٰ ʹ ̻ڳ׿??   ¥ ̻۵  ٴ° ʹ ƽФ   ԰ͼ ̹ ѸԾ  Ծ!  ĽŸ ־̴󱸿䤾  ¥ νŸ ε  ʹ ־䤾!  ٴڿ ִ ̶ Ͼ  λ  ʹ ƿ????  ʹ ߳Ϳ!   ø   湮غô° õ帳ϴ !!,1
che****,    ־ ٴٸϱ ʹ  䰡 ʹ ƿ ĿǶ   ־!!!!  ĵ  ־ ФФФ ߰ ó 20̸ Ϳ ! 嵵  ־ ~~ θ ð ٽ  Դϴ λ  ϴ!!,1
ܵ54, ̶ 湮ߴµ Ӱ ٴ.ĵ Ҹ ĵ ְ  ߾ մϴ~^^,1
hofahoy,ġǵʹְ ٴٱᵵ Ѹְ ְ~ ̻ڰԳͼ ʹƿ~ ǿ;,1
24, ī ī 귱ġ ޴   ٴٺ  ,1
bla****,˻ؼ ãƿͺ ε 䰡 ʹ Ⱑ ̱δ̳ ĵ ʹ ־?? ģϰ  ̿!!!,1
5580,"Ŀǵ ְ Ʈ ʹ ־ ! ¥ ,,  Դϴ??",1
wog****,ִ ĽŸ ڸ    Բ ϴ  ϴ   :) ٸ԰ Ʈ  Ŀǵ JMTä,1
߰64,䰡 ʹ Ƽ    Ŀǿ ᵵ ְ  ƿ   ÿϰ  ׿   ;^^,1
ƾƾƾƹ̹,ǹ ܰ ̻?? Ļ޴ پϰ ֹ  ĽŸ  ־!Ƹ޵ ÿϰ λ    ĻϷ ⵵  Ŀ Ϸ ⵵  õ !!??,1
8944, Ŀǵ ־  ̸ ðԴµ ʹ Ͻó׿,1
ں3,"   ,  鸥 ī ! 䵵 ʹ  , ĵ ְ   ־ ! θ     ޴  Ưϰ  ְ ƿ е鵵 ģؼ ʹ Ҵ ̿    ī̶ Բؼ ° ʹ ſ ߾ ",1
ROMEDIA79," ó 쿬 µ û  ̾!  ׸ ϰ Ư ٴ尡 ̴ ܺ ̺  ƿ?? ĽŸ, , , ̵, Ŀ  ֹؼ Ծþ.    Ƽ!! ־???? λ    ſ Ϸ翴ϴ.",1
г۾ɶ,µ  ٻ۰...,1
1,ī䰡 ʹ ̻ѳ׿䤾 ￡ ö Ⱑ; ڸ ùڽ 湮ߴµ ̻̿????ĿǸ  ͵ ־䤾,1
lov****, ϰ 䵵 ڰ Ư  ̵尡 ڰ ־ õ,1
29, 鵵 ־!,1
ϸ9913,ī 䰡 ʹ ̸ְ ׸ ־  ְ,1
°,ǹ 䰡 ִ Դϴ    湮ߴµ    Ծ׿ Ф ƽ  Ʈ Ḹ ũƿ ؼ Ծϴ! 湮Ͻ÷ е    Ͽ 湮ϼž   ƿ,1
ȣ765, ʹְ  ʹ ģؼ ʹƿ 䵵 ʹƿ,1
hhb****,䰡  ̻!! ۿ  ̻Ѱ ȿ  ̻ ī!!   ־   īε~,1
rla****,ʹ ڰ ⵵ ƿ.. Ŀ ־!!!     ϴ  ƿ ,1
52, 쿬  ٴپ ī ó ǿ ø   ƿ 귱ġ Ŀ  °   ð ~~,1
n22****,̳ʹ ڰ  Դ ̷  ߳Ϳ,1
noeul913,쿬 鸥 īε 䰡 ʹ ᵵ ĵ  ֽϴ е鵵 ģϰ ׶ ž  ݾ ޶ ׸  ū    ִ īԴϴ!  ʹ ڳ׿!,1
5197,ٴ ٷο̶ 䰡 ƿ,1
39, Ưǰ  ̿   ִؼ ãҾ   ĽŸ   ũĽŸ ֹ! Ŭ     ߾ Ǫ  ٴٰ ̴ 䵵 Ұ İ  ĿǱ ־ Ӱ   ҽϴ,1
Ϸϱ2628, ó  ޷ ߴ ī??  ̻󺸴 ʹ ʹ    ̤ λ  ϳ  ϴ =3  ñ״ó  !!!! ź,1
Juddy,䵵   ߳Ϳ!!  ô е鲲 õϸ ׻ ϰ ~^^,1
, ¶  Ŀ 湮ߴµ  󱸿. ׸ ̽Ű   ũ  ī俴ϴ.,1
,"䰡 .,  ..! ȣ ̶   ¾ƿ??  ŷµ ޶ ѹ ø   ƿ䤾   ϰ  ־! 湮 ǻ ֽϴ",1
ȣ391,  Ȱ   ̷  ī䰡 ׿. Ʈ ִµ ɽð ټ   ̴     ƿ.,1
޻̾,䰡 ʹ !  ǹ ?ε Ű̶  ϰ ⳪  . ῡ    µ ÿ ְ ġƹŸ ֳ׿  ѹ ͺ ;,1
isssong,ʹ  ׸  ! ִ &Ŀ!,1
h n92,½ð  ϰ Ҿ^^ ϱ ϰ  м  䰡 ְ!!,1
240,"Żī ߴٰؼ ̶ ̶ ٿԴµ 䰡 ¥ ,,,?? ļ  Դ",1
25,""""" 嵮  ؼ  ð ٳԳ׿~ 1 ̴ 볪  23 ߰ ʹ  Ǻ  ī θ  Žߴµ    Ͱ  ׿~?? ڴʰ ֹ Ḧ   ̵     빰 ʰ ֺ  Ȳµ в ġ ʾҴ  ð",1
," ؼ ƿ. 밡  ־ 䰡 , Ŀǵ  ־. ʱ ׷ ֹ Ⱑ ſ , ̺ ġ  ƽ",1
Ϸ38,  ְ 䵵 ƿ~ 嵵 õǾ־ մϴ.,1
bbang rumii,"ī䰡 ũ . ̶ָ    ʾƼ ƽ, ᳪ   ־ :)",1
ghjkghjk,䰡  ~  ʱε  ׿~ ̶ Ŀ   ־!,1
so1228,ǳ      Ծ?? ֹ ޾ֽ е  ģϼ̱ ũ νʶ ũ ũοͻ  ־???? ... 2ð ӹµ   ѹ ϼ̾ ̺ ʹ    ִ  ٴ 鼭  ô ..   ֹ ѻ ѻ ģϰ Ű ּ...  մ ֹ  ~ ɷȴµ  ֹ ʿ ޴ ڴ      ޴ǿ ޴  ̻ ֵƿ.... ƽ ý۶    ޻鵵 ٸ° ƴұ ġ鼭 Ĵٴ  ֹ߳׿..  ʱ    ý Ǿ âϼ ڽϴ! ??,1
90, ְ ᵵ ־!  䰡 ְ....,1
Hbin70, ߴٰ ϱ淡 ͺþ! ָ  Ƽ ׷ Ŀǿ ź  ʹ  ... ðڴ󱸿̤ ׷  ʹ !  Ѱҵ ٽ ͺҰͰƿ!,1
¸4220,䰡 ݴϴ Ŀǵ ־,1
޲ٴ 486,䵵 ôµ įį 䵵 ʹ ׿~~ ߰浵 ᵵ Դٰ  ~~^^,1
̶̸, ¯~~~~~~~~~ ׳ ׷µ Ʈ Ƽ ƿ,1
gyunii,׸ ְ  ƿ,1
kjh****,ٴٺ ְԴϴ^^,1
17,а ؼ ƿ.,1
60, Ű ?? ԰Ÿ  Ű    Ծǵ  ı⸦ ÷ ϴ ?? / ġ / 纣  ׶ 佺 ȿ پ  ᰡ ־ ??         ε巴  ̿ ??纣 ȿ 纣     ִµ      ô󱸿   ϰ ̵鵵   ƿ,1
, Ư깰  Ű~ û ġ2  ߾ û  ̷ Ⱑ ֳּ°       ۿ  ̿ ġ ߵ ־ ڲٸ   Ʈ  ̾µ  ڸ ҵ ϰ ҳ׿ ̴ ູմϴٿ  湮 Ͻô ù      õ帳ϴ~!,1
rla****," బ   ־ Ծµ, ̹  Źؼ Ծ Ǿ! û ڸ  ּ ФФФ 纣 ӿ 纣 û ϰ 󱸿.  αִ    ֳ׿ ؼ 񵵾ȸ̰ Ա ƿ. ְ??",1
,"   ģ ʹ ִٸ   纣, û̿ ⿣ غ    ְbb ε巴 ̱  ӿ ˾  ִ 纣~ ڱ̰ų  ʰ  Ը  ¾Ҵ û~ ߵ ؿ̤ ̵鵵 ߸Ծ Ϸ縸 ߽ϴ٤̤   Ŀ Ű  ѹ ź մϴ",1
̽,ѹټ  ұ! ù ޾ ̾ 1803   继ó ...ٻ.ż迹. Ȳ ˷ŭ  ǰ ٸ׿. ùٹڽ  ߰ ӹڽ Ѱ 赵  ͼ  Ҿ.  ԰;µ ۱ ؿ^^,1
в, డ ְ Ծ ߾ ־µ ۵ Ǵ󱸿  ׷ ֹؼ    Ծ! ְ!!    Ծ  ״   ־!! 纣 ¥ ֳ׿~~~ ־!!,1
âǷֽȸ, ̶ մϴ!  μպٵ ũ   ϰ Դ  Ĵ ʹʹ ־! ġ û ϳµ ϵĿ ƹ̿ ̼  Ծϴ!,1
ú86,Ȳ Ծ ǰ Ű ŭ  귱ġ Ա  .  ĺٴ    Դ    ?纣     纣    ԰ .  ũ ξٰ ĿǶ   ־ ġ ȿ  ġ  ְ. ׿ û    ־. ̼ű԰Ÿ   ʼ 湮 ε Ư ̶   鸦 ڽ^^,1
,ʹʹ ־  Ű!!     ֳ׿   బٰ ʼ  ȴٿ α׿  ٳԴµ    >_<  纣 ġ 3   žߵǿ  麸  ִ° ̷ ִ  ÷Ծ!!,1
bro****,̼ű տ ִ Դϴ!  ڸ ǳ  ⿡ Ծ⵵  ִ°  ε巴 ϰ ־ϴ!  湮 ǰ õ帳ϴ!????,1
´39,û ġ ԾҴµ   ְ  ǳ̰ ü  ̰ ġ ¬©ϰ  ¸ ̶ ߶԰ ϳ׿     ̿!!,1
ѷѸ,  డ̴ٰ Ȳ̶鼭  ̾!  ϳ ûŮϴ.û ġ ̴µ  쿡 ¦ Ծϴ. ׷  ¦ ٻ  û ε巴׿! 纣 ϴٰ  ġؼ ġ ټ̴µ 纣 ñ׿. û  ϴٰ Ͻô󱸿.   湮ҰԿ,1
Delight Jin,    ִ !  ʹ ־̸̤  ǰ ϰ ̱ ϱ  ٻϰ    ְԴϴ 纣 纣 û  ־ ־??,1
  Ѽ,బٰ Ǹ ǸŰ 湮߾. Ծ Ȯ ˰ Ǿ׿.  ٵ Ű   ˼ְ û ġ ʹ ʹ ְ ߸Ծ.   赵 Ưϰ   ʹֽϴ.  Ȩī޴ε  ε鿡 ϱ⿡  ׿.  Ѹŭ  ġ ؼ δٰ ȵ ġ û   ʹ ׿ ټ   ֳ׿. ù鵵 Ѹŭ ֹؼ Ծ߰ھ ѹ  ڲڲ ̰ °Ż  ôôԴϴ. ȲԲ ϽǸ ϳ׿~^^ ῡ ؼ ״ ڷ 2 Ծµ    ó ʹ ְ Ծ,1
829," Ŀ  ׸ Ȳ  Ű Ծôµ,    ֳ׿  û ʹϰ   ؼ ־!!!!!! ׸ ̱⿡  ѹټ Դϴ ФФФ û ¥  ,,, ġ ȿ ġ ־  ϰ ־!! ȣȣ ΰ  ̿  ȳ!",1
ַַ65,Ű !     Ծŵ. ε ϴ ϳ׿  ° ϳ ־  ֹظԴµ İ  ε巯 ̵  Ա⵵ ϴ,1
dollheeangel,óԾ  Ű ũⰡ Ŀ ϴ ׳ Ծ ִµ ̾   ٻٻ     ĿǶ  ʹ  Ⱦ^^ĥ  ̰ɷ ִ 귱ġ ذϷ մϴ~~,1
̷201ȣ,ģ ٰ Ʈ µ ʹʹ ־!! 嵵 忡 ͼ ׷ ʰ ũ⵵ û Ŀ  纣 ˰̵ ũ ʹ  ʾƼ ְ û Ȳ Ծ ̶ ϴ  ź !!    ⼭ ؾ߰ھ䢽,1
ȣ,"?? û, 纣 ??  ޾Ҵµ, ó  ̳ Ŀ      ִٰ ؼ  Ծ ϰ ε巴,   ȯ ΰɿ??????  ȿ ʸ  , ʹ  ʰ  ޴ޱ ʸ̶ ̿??   纣̿!! 纣 ¥ ־  ִ󱸿~     ְ   Ƽ,    ణٸ   ",1
ͽ,Ȳ̶  ˰ ־µ  ̰ Ծ   Ұ ƿ  û  Ծ͵ ٸ ! ʹ  ʾƼ  Ҵ û̾    Ǹ    ϴ,1
1207,  û ! Ȳ ̴ ϴ !!  ѹټ˿  ִ ؾұ? ѹ     ó ٻ ϸ鼭 ε巯~  귱ġε ! ε ̾ Ű û! ùֹؼ  ￩߰??,1
ħ޻ 1942, Ȳ  Ű  ǰ+Ưǰ β  ޾Ҵµ ڽ 嵵 ϰ  ũ ϸ ؼ ׳ 3  Ծ  ù赵 ϴٰ ؼ  θ ö  ߰ھ ??,1
ѵ35," Ű     ƿ    ФФ û  ε巴,   ö°  ִ󱸿  纣 ־̴   湮 ϸ û̶ 纣غԴϴ!",1
0527, ް బ Ű ԰ͼ ƽµ ģ ֿ బٿԴٰ Ű ־׿  ¥ ̰ ʹ ־  ̷ ū ϳ  ԰ڴٽ;µ ڸ ڸ  Ծ׿ ϸ鼭 Ѹ ̿ ö  ӵ ϳ׿,1
3221,Ű ǰ ٷ ϳ  ϳ  Ծµ! 纣 ġ ׸ û δ ־!!  ε巴  Ŀ ѳ  ϴ  ġ ַε  纣 ȿ 纣  ־ ŭϴ ִ󱸿!    ⼭  簡߰ھ,1
12345463, ϴٰ ؼ Ծôµ 纣  纣 ϰ  İ ׿ ȿ 纣  ־ İ ƿ û ε巴 ϰ  ֳּ ʹ ֳ׿!  ŰԴϴ,1
summ3r,"?ũⰡ  Ŀ~~! 󱼸ؿ䤻 4̼ Ծ   Դϴ   ߶!!!!! !!!!! 纣?? Ա  ߶µ  ε巴 ׸ ȿ 纣  Ȯ 鼭  ʹ ̻ ?ʿ ̷ ϰ 纣  ϴ ٵ   ʰ  ܸ ״  ʹ Ҿ  ٸ  ʹ ΰ   ݾƿ 󸶳 ε巯 ٷ ϰ 丮  ̽? 麸  äԴϴ礻 ġ ũοͻó   ִ° ̼? ̷ ̷ ε巯~! ?û +Ͷ  󸶳 ,,,! ʹ ־ Դϴ~ ſ  αⰡ   ذ ϴ",1
,  ٳ  õ༭  Ծôµ  ֳ׿    Դ ˰Űƿ  ù ־    ԰ŵ Ծȿ   ׷ Ű ġ û  ϰ   ƴ϶ ¥ ѹ  ԾͰ ̿    û Ŀ 絵  ѹ   ־ ڶ׿!  Ծ߰ھ ,1
Ϸηռ, Ȩī ϱ⿣ ʿ!!! ̵ ε ߸԰  û ̵ ġ̸ִٰ ϳ׿!  ־!   Ʈ  ٿ ??,1
׿88,   Ű̿ ʹ ־ ̵鵵 ¥ ߸԰ ѹ    ̶ ֺ  õѴϴ!   ̿!!!,1
Ѳٻ,Ĺ ī ʹ !  ȴµ ʹ 󱸿 ᵵ ־   û  ׸ŭ ī䵵 о ڸ ־,1
cher1sh912,䰡 ʹ  Ĺ׸ ī䷡!    ٽ  ̿,1
޸Ÿ,Ǻ䰡  Ƹٿ?? ׸  ̻ڰ  ̿ Ͱ  ׳ ׷̿  ٴٺ  뼭ʤ,1
ddyoung,Ĺ  ī  Ͻó׿Ǻ䵵 ƿ,1
tnwjd4907,ʹ̻ڰ Ҿ!! ǿ,1
 ,"ġ ī   ƿ,嵵 о ϱ",1
ȷ35,"ʹ  Ǻ īԴϴ.    ,         ִ ī信. ĿǸ 븦 ߴµ . ټ  ź ȳ մϴ. ̴ . 󶼴  ޾Ƽ    ˴ϴ.??",1
,  󱸿~ ῡ  100 ԵǾ־~   3? ־ ũ Ҿ~,1
̳¯,̽ũ ʹ վ.  о  ƿ,1
,䰡  ¦¦  ۶⵵ ÷׸  Ǿ־ ȭ ĿǸô ̿ 󶼵 Ưϰ ־,1
    ,Ĺīʹ ׿  ֱ 䰡 ְ  󿡵 Ĺ ְ 佺Ľ ־ Ҿ,1
96,ῡ  ٴٴ    ϰ   ʹ ƿ :-3  Ʈ ΰ ƿ,1
juwoooo,2 䰡 ʹ Ҿ. ĿǴ ⺻̿ ũõ ߾. ٸ  Ծ ؼ ƽ 㿡 湮 ǻ ־,1
ڻ23,  ʹƿ Ĺƿ Ǵ±̾!! ī䳻  ־ 湮ǻ־^^,1
 ߾,䰡  Ҿ ֽôº ʴϴ ,1
߿˾߿51,"Ĺ   ̱׷ ƿ. ٴٵ ̰, ¼ ,  û ",1
Arttherapist,󶼸 νʷ ߸Ŵ  ī̸   ƿ~,1
,Ŀǰ    ƿ   ƿ!,1
60," ƿ.  Ը.. Ƽν, Ʈ ο..",1
sy, ġ   ī Ž ϰ ϴ. Ʈ ߸Ծ  Ͻ ƿ. ٴٺ  嵵 ˳ϴ մԵ ҽϴ.  ī  ^^  ߾  ϴ.,1
29, ʹ ͼ     Դµ ʹ ƿ!,1
xa1****,ƴ Ĺ̳׿. û ũٰ ؼ ߴµ ״,1
sos1234,嵵 а Ǻ ƿ.  ģϰ ǳ  ־ ϴ ̵ ֽϴ!,1
ǰ51, 鸰 ѳ ƿ ~~~^^,1
Love fiction,䰡  ׸ Ĺ  ǪǪ ʹ ƿ ??????,1
äñ,׸ ְ ũ ο,1
realjaekyo,Ӥǰʹ^^,1
ܹ߸Ӹ׳79,"̿ ٰ Դµ ׿~ Ʈ ְ, ī ƿ ̽ũ ׿䢽 ũ̵ ״µ, οֽð ּż µ ~  ģϸ Ͱƿ",1
,䰡 ߾.    ٸ  游Ҽ־.  ¥ ϰ ϴ^^,1
ڹ â,Ÿ  ٴٺ䰡 ƿ! ǳ ־,1
ļ66,⶧      Ф,1
juy****, ʹģؼ ұ  ϰϱ ̰   ǳմϴ٤ 峻 ׸  ߳Ϳ 湮ǻֽϴ,1
κ124,Ǻ䵵 ̻ڰ ʷʷؼ ʹ ƿ Դٰ ¯ ! ʹ 鿩  ٹ Ƽ  ѽð ֱ Ʊ .. ᵵ ְ ԰ ϴ,1
4554,2 ȯ. Ĺī䰡 ¾ƿ ǳ   ڸ  ־ ֽϴ ᵵ  ־!  ٴٰ ̰ ְ,1
36,ī䰡 а ׸ . â ٴ ǳ浵 ׿.,1
4183, پ   ƿ!!????????,1
LEJ77,䰡 ְ  ƿ ׸  ̻޴ϴ,1
93,䰡 !! ۶鼭 ĿǸñ  ƿ ?? ü  ְ     ߳ðŰƿ Ф,1
繫, ī ϴµ   ְ!,1
ϴþƷ2407,ī ȿ  Ĺ ϳ׿.  ٴ  鼭   ϴ ~  Ŀ   ϰ Ҿ^^,1
ٸִ,ģ  ƿ...  ī ߿  ¯,1
ä98, ʹģؿ.  θҰ͵ ߴ´ ĿǱִٴ?? 湮 200,1
ġ29,䰡 ¥ƿ.. ,1
̼54,"䰡  ׸ ߵǾֳ׿,   ܺο  ʹ !!",1
ƶ, Ǻ γ׿  ũ ǹ̶ Ҿ ׶ ž  ־   Ĺ  2 ׸  ο ⵵ ƿ,1
yeo****,δ Ĺ     ְ Ŀ ø ٶ󺸴 ٴ ǳ ʹ ׿,1
ȡ,͡  Ƽ    ̤ ߿   ׿   õ̿!!,1
ݾȯ,䰡 ƿ ! Ŀǵ ֱ,1
糪, ؼ  ׸ Դµ ׸     鵵   Ҿ ģϼż ƿ,1
lhy****, ¥ а  ִµ ̿ ¥䵵 ̻ڰ Ŀ    ;!!,1
84,ᵵ ְ   ڸ Ƽ   ߾   ʹ ڰ  ѷ浵 ʹ !,1
DearJuliet,  ̻ڰ ٻѰԴϴ 䰡    ƿ:),1
hhj0348,䵵  Ŀ   ־ 湮ϰ;,1
itsmesuiso,  ־ ְ 䵵 ʹ ƿ,1
Pilajaaa,??,1
aj,׸   ~~~䵵 ǰ!!,1
ӷ04, ʹ ̻ ᵵ ְ ῡ  䰡  ̻,1
rla****,ũοͻ! ׸   ʹƿ~~   ;߰ھ,1
ӽ͵64,Ĺƿ ƿ,1
Ҽ, ˰  ī 1 ! Ǻ信 ʷʷ  Ƽ ȭ  ƿ.   Ǵ ҿ^^ Ŀǵ ʹ ׿~,1
3062,׸ ʹ  !!,1
jgt****, Ա  θ  ȣ  ־   а Ĺ ̷ ĿǼ ־ ƿ,1
hahahoho4670,׸ ʹ ! ׸ īũƻ ʹ ֱ!!,1
Ѻ1788,Դ   պ ʾƼ Ҿ!  ѹ ͺ īԴϴ^^,1
Teddy46, ׸ ڰ ٴٺ䰡 ʹ ƿ~! Ͽ ͼ ׷    ߽ϴ!,1
dachoom,û ũ ̻!!  ٸ???????????,1
jmj****,"ĿǸʹ , ̿!!  ʹ   Żī !??",1
aud****,¥  ְԴϴ! Ŀǵ ʹ ְ  ðԿ^^,1
ǷնǷ96, 䰡 ʹ ƿ !!,1
ְ۽,䰡 ʹ ƿ!  ż  ְ..,1
55,  ְ ϰ ̻ Ҿ!!!,1
 ,ε ڰ 䵵 ƿ~!,1
hyeming07,䵵 ʹ ̻ڰ ׸ ֵ   ƿ Ф,1
︰10,ѿÿ?? ǿðԿ,1
Ĺ̳,а ƿ~~,1
,а ̻!!,1
̳ù̳96, νŸߴ !  11?湮ߴµ ~ؼ Ȳߴµ ϴ ѹڽ(7)  ְ ΰ尩 3?  ֱ  ٷ Ծ ~ѵ  ߾ȴ󱸿Ф 庸  㳯   ְ ũ?  ߴ ƿ! ణ  ?ĸ? 񽺹Ǹ~ ϸ鼭 ϰ ? ~  źΰ ģ   Ծ~   ѹ Ծ ̳׿~ 㳯...,1
̿999,Ƽ񿡼 ô  ʹʹ ñؼ  Ծôµ   Ʈ߿  ־ ??  ݵݵѵ ұ ѸŰ ũ ε巴   鼭 ũѵ  ¬©ϰ  ˶ ؼ ̿ ũƼ  ϰ ־.   ſ!,1
Űٹ, Ŷ Ϸ  Ŷ ణ  ׷ ־ :) ٵ ҿ  ϰų ũ  Ⱦϴ  Ը  ε ̵ ູϰ ̼ ѹڽ ڸ ߾,1
9506,ϸ  Ӹ̶淡 鷶䤻 ʼڽ ?    ˱ ũƼ ڶ غϴ!! ũƼ  ޴ϰ ־   󺸴  ! ̱ؿ,1
3ʹ̽İ,ڸ  ߾???? ũ żϰ ־  ð Ʊʳ׿  ûϰϰ ó Ͻô°    ϴ??,1
װԋx,׳ ٰ ϴ뼭 ũ  µ  Ưְ ־!!! ũ   ְ ¯! ٵ Ϸ  Ȯ ־ ٷεñ~~~,1
,??࿡ θ  ￡   ϳ  ڽְ~!͵??󺸰 Ƣ䵵 ˾Ҵµ    ! Ѻκ ޴ϸ鼭 ¦ § ־ § ̳׿??̰  迡  簡 ġ  ϵũ̶..Źϳ׿!!ó Ѱ ԰ ȳ     ִ ũε ?    ִ°   ° ƽ׿??ũƼ ȴ..   âϽǵ??ģϽñ ؼ е  ??,1
rok****,ģ ٷ ͵  4 ߽ϴ!  ̱  ͵ Τ  ʹ ̻ źе  ̻ڴٰ  ޶ Ͻó׿  ǿͼ  簡߰ھ ũ ؼ ʹ ֱ ڲ ٰ ϳ׿:)   Ϸ ðԿ~,1
Źٿ,͵ ⼭  ־  Ⱦؾϴ ԰Ÿ!!,1
shf****,      ϰ   ־   9ùݿ ϴµ ù°  ׿ ,1
־40," ù,° ϰ ֵƿ  ߴ ǰ̶ ̤ ƿ  ٴٱ̶ Ÿ ġ ʰڴٴ  am 8 40 Ͽ 1  9 30б ߰ 9 Ǵ   ߴµ  ð ͵    Ŵ   Ҿ ٸ Ķ     ũƼ ¥ ϰ ־   ߿~",1
״,  Ʈ Ծϳ ߴµ ͵  ϴ󱸿!!! ׷ ôµ Ǿִ°͵ ʹ ְ ڰ  ּż     ʹ Ҿ????????,1
Dingaring,갫   ͷ  ͵ Ծþ.  ڽ ȾƼ ƽ ȣȣ   ִ (ϰų 갫    )  갫    ༭ Ưְ ־!  Ȱ ȴٸ   Ծ ͳ׿~,1
,  ʾ ־  ־ Դϴ ,1
web****,ġĿǸ Ưؿ. ݵε Ӱ    ׿. ũƼ ־. Ӿȿ ũͰ  µ Ѻݸ Դϴ. ޴¥ɷѰ  ־. ĿǸ ¸   Կ,1
,ѹڽ 7 !!!   ñߴµ     󱸿 ù Ծ  ؼ  µ  غ  ⵵  ??  ߰ Ҽ ִ  ߰ ̼ ѹڽ   ߴµ  ƿͼ Ҷ ϳ  ̴ܸ󱸿 õ ٸ    ̾ ҷ   ƽ׿     ƿ...㿡   ſ!,1
jenyee9399,  ʽ  Ծôٰ ߴµ  Ǵٸ Ưִ   عȾ~  ׷ Ư깰   ־  Ӱ ־~  ð ƽ! !,1
,ȣȣ     Ը ʹ ־. ++ 3 ˵ϰ Ծ ӹ  Ҿ~,1
bb2086, ó ε ־!!! 忡 ༱  µ ٵ ִٰ δٰ ߽ϴ٤,1
ro****, ܰ͵ ߵ      ũ ʰ ʹ ־ Ưִ¾̵ 󱸿     ־    Ư־,1
S2spring,"ѿ û ̽ ߷ְ,  Ϳ  ְ .. ε     𸣰ڳ׿ ̱ һ ƴϰ ⸧ ׻ ..? ڽ ̻  ù鿡 ־ֽð λ 4õ̶ մϴ.. ̶  ε  ̰  ؿ^^",1
oi4****,  Ծ ;µ ҿ߾ Ф!!  ԰ ȿ ũ ʹ ־  ģ Ѵ Ʋ....  â ذϴ   ھ.. 伦 ϴ,1
BNR19,ϰ ϳ Ծ    ־״ Ծ    ũ ؼ   ִµ   ݾ ö  뷱 Ҿ,1
0327,"ʹ ־ ϳ  ԰ ..!! ϰ       ʾƵ ǰ, ְ.. ڲ  Դϴ.",1
50,ֺ ִٰ ϼż  帱  湮ؽ!!  Դµ   ^^ ƾƶ ũ̶ ʹ ߾︮׿!,1
Story09, Ưǰ  ִ 淡 űؼ ؿԴµ ̻̳׿  ° 鼭 ϱ  ̳׿,1
ٺ551,͸ ǳؿ Ʈ ׿.  ũ ҽ  ʽ  ù  :)  ,1
lhs5746, ־  Ѱ,1
kjh****,  ͵ Ծؼ ѻ 缭    ôµ ʹ ֳ׿..  Ծ δ볢 ʱ  ,1
98ζ,ָε   ٷ ߾! ʹ ־ФФФФ ʹ  ʰ §§ ؿ.. ĿǶ Ա ʹ ƿ!!>_<,1
æ,"ϰ Ÿ ϴٰ Ⱑ õ ִ Ӹ̶׷ 湮߾!  ѹڽ Դµ ٸе麸 3,4ڽ 簡ô е鵵 ־䤷0  ϰ ũ ˲ äִ Դϴ??",1
εս23, ũ̶ϡ ¥ ̵ ƺ ׳ ѹ ôµ   ʰ ũ ̳  ְ ֳ׿ ¥ ??????    Ծ ̵  㿡    ԰ ;,1
Ҽູ2185,", Ŀǵ  ־!",1
4785,ũ 氡 ְ Ưǰ   ־  ִ ̿!! ٸ     ο ̿!! ԰  Ϸۿ ȉµ  ԰  ̿!!,1
88, ¥   ٰ ¦!   ü   ũ̶  ϱ ¦ ߴµ ѳ ִ ͤФ Ǹ԰;,1
16,  ũ  . ᰡ   ִµ ο ʹ ־. ԰ ӵ ! ٽ   .,1
̼ ֵ,"   ȯ̿! θԵ ϼ, ־!",1
paq****,     ϴ  ֳ׿ Ư깰  ..ó ݴ   ۾ µ( )   ù° ϴ ̰ݿ  翡    ־ մϴ,1
loh****,ũ  ־ ʹ ְ ҷ!! Ư깰  εʹ Ƽ  ,1
duc****,͵ ڵ Ưϰ ׳ ƴ϶  Ư깰 ߿  ٰ ؼ  Ծ߰ڴٰ ؼ 缭 Ծô ФФ ¥  ԰   ϴ! ᵵ ־????????????,1
Hyunnnnny,ʹ ְ ߸Ծ~絵  ũ û ־  Ծ Ѱ.. ðԿ ߸Ծϴ,1
Busybusy,嵵 ϱ    ڰ   ʹ Ưϸ鼭 ־   ϳ ٰ  ־  ڽ  ȳ׿ФФ,1
Ѻ," ϰ  ũ ε巴 ־! е Һд ֳ׿.  ֽôº, ׾ȿ ũ ¥ ־ִ ,  Բ ֽô .   ż   پ ҽϴ!",1
don****,ְ Ծϴ.  Ⱦ մϴ.,1
Ű,±迡 Ӵϰ  ʹ  ϼż  1 1 Դµ  Ͱ ڱ ȿ ũؼ  ʹ ߾︲ >_<,1
cvb5784,  ƾ İ  ̱ϰ ε巯 ФФг .. ε ְ  ãҳ׿!!!!! ǳ ԰ʹپ,1
λ35,Ư깰 ̶   ñؼ ؿԴµ   ־  ־ ׿   ܿ ++,1
soni25,ѹ °̶ λ þ . ڵ ڱ ε  Ұ ƿ. ѻڿ 7 ִµ ũ̴  2   ԰ڴ󱸿.. 5 ҷ̳ ׳  ִ  Źĵ  ھ.   湮Ϸ~,1
mmh****,ҿ  ؿԾ Ľ  µؿ Ф ũ ִµ   ׷   ƿ    Ư ޴?ƿ^^,1
fo****,ù Ծ ־   ε ַ ߾^^  Ư깰  ־ Ưְ ϱ   ƿ,1
hay****, ̼űó ϴٰ 쿬 鸰ε ϸ  ڳ~~ ÷ Ͱ    ֳ׿~~,1
sta****,ũ  û .    µ żϰ ϰ ¥  ־. 嵵 ϰ   ԰  ,1
8245,ũ 氡 ְ ͵  ̸  ׷  ߴµ ¥  ɰ Դϴ!! ʹ ־ ϴ   Ҵϴ??????,1
eliselise, ȿ ũ̶  ʹ Ưϰ ־. ũƼ ϰ ־  .,1
xcv****, ͼ Ծ Ʈ߿    Ե ģϽð  ǳ ǵ鸱 ʰ ֽϴ!,1
tlssktlsskyo, ũ ̶  غ ̾µ   ݵƳ׿ ޴ϸ鼭 ¬©ϰ   Ⱑ    ְ Ծ 㿡   ??,1
 ,",, 嵵 ʹ ̻ڰ ̸ ɻġ ʾƼ µ  ¥  ̿,,  ǿ? ׷ ε  ǫǫϱ ε巯  ູ¸̿,, ƾФ ũ ʷϻ̶  ű߾ !!  ũƼ Ծ߰ھ ",1
mic****,־. αⰡ Ƽ ׷  ѹڽ  ߽ϴ.,1
tpq****,ְ ܰԴϴ٢  ϰ ݵ ؼ  ֿմϴ  ѹ ߵǿ ,1
ooo****,Ƶ ڰ ؼ 1ð ޷ Գ׿. ׸ŭ ־.  ģ  ̳׿. Ƶ  ʵԸ̶ ƺ  Ŷ ߴµ ־䤻 嵵 ̻ڰ. ϱ⵵ ڿ.,1
79," Ӵϰ ־µ, ׶ ʹ ְԸԾ 迡 Ⱦ  ִ󱸿~~",1
w_w****,  Կ  ¥ ó Ծ... ͱ׸    ũ  Ծʹ??,1
kim****, Դٰ ũ ܶ  Ʈ ԰ ; ãƺٰ Ⱑ   湮߾^^ ũ  θ   û    峭 ƴϴ󱸿䤾    ϰ ּż 忡 ִ°   ; Ф     ò ƿ!!,1
Ҹ29,  վ   հ ׳ Ʈ ٸմµ ƴ¾ƴ» ƴ¸Դϴ ߢ,1
71,   ź  Ծ ߿  ִ Դϴ١ ιڽ ð ׷..,1
Ⱑ Ҿ, బٰ ִٰ ؼ ؼ Ծôµ Ưϴ ־~   ġ ̳׿~  ȿ Ͷ ణ ÿϰؼ Դ° ־~   ¦ ־ٰ ø   ؿ~    ̶ ȸ絿  ߰ ذϴ~^^,1
syl****,  ؿ ״....,0
des****, ׿,0
Ǭ53,ʹ ο,0
ֺS2,"Ŀǰ ʹ ο,,,,,,,ڸԴϴ,,, ׸ Ƕ  𸣰ڳ׿,,,Ű 7000 ̶,,,",0
ܹ102,.  ġ . ֹϸ  Ұ Ա ƿ. ű ãư ġ   ִٰ... ߹ ,0
Ȯ3251, ο 䰪~~~,0
1111111189, ƿ,0
sun****,ܴ ٺ.,0
bgszzz,ᵵ  Ʈ 翡  ʹ ӡϿ  Ƽ ڸã ƴٳ,0
̻8224,      ϴ .,0
tja****,Ŀǰ     Ű  ֹ϶~ 㿣  Ȱ,0
Franc Franc,"  ƹ͵  Ա   °͸ ֹ϶ ϰ Ŀǵ ΰ , ڸ  Ƽ Űũ ֹ϶ϴµ ʹ ߾. ι  Ȱ ƿ.  ֹϷ    ֹؼ  Ͻô°ԡ",0
ȿ77,"ĿǸ ˼,,,  ¿ ϺĿ  ˼,, 8000¥ ݵ簡  ̳? 亸  Űũ ֹ ؾϴ   ŰѴ,,,",0
Dnwnrkwhgdk,ᰡ 䰪,0
ven****,ؼ ٽ 湮 Ұ ƿ,0
ven****,  ؼ  ׿~~   ٽ 湮 Ұ ƿ,0
Staedtler1207,  𸣰ڽϴ Ŀǵ 䵵 αī信  ٰ Ҽ ° ƿ,0
36,ī а  ƿ. ĿǴ ٸ ī信   Ѱ ƴ  . ι ȿ  ƿ.,0
ten****,  Ŀǰ  ޶ ûϴ  ȵǰ 2500 缭 ž Ѵٳ׿ ڷγ ̶µ ׷  ŵ Ǵ°.....,0
島,7 Ļ (750ֹ) 40  Ѱܳ Ծ . Ḧãµ ϴ ī ʸ ︮ ȳ  5иؿ û ģϰ  ϴ ߴ ϳ  ô ϴ.  ̷ г ī óԴϴ.,0
1629,¼ ؿ.  ̺ ʹ ,0
0,"ᰡ  ° ƴѵ, Űũ  ׸  ʾƼ ó  ޾ ֹ ߸ پ˰ Ȳ߾. Űũ ׸  ٲ Ծ",0
´, 䰪Դϴ ݵ ΰ  ؿ Ʈ  մϴ ׳  ѹ ͺѰ,0
׷̽2858, Ȯ      ̿ ڸ ġմϴ,0
 ,ٻ ̷ Ǿ  Ŀ ÷ Ծ...,0
Ǵɷ,"ġ    ĿǸ ʹ ׿. Ƹ޸ī 6,500ε  ĿǺ ϳ׿. ο  ϼž ҵ",0
õ̷, ʹ      ,0
kjs****, ġԴϴ,0
к35,ûγ׿,0
ũ12,ġ Ŀ ʹο ٰ,0
3399, ƴ   䰪,0
õ,䰪,0
̰ġ, ΰ ƽ󱸿 ޴ ϳ 8000 Ѵµ ſ ڴ ϴ;; 信   ƽ󱸿,0
Rora49,... ¥  ̾..,0
lovenrgs2, û ,0
RAMI94,  µ   Ҿ䤾  īθŭ 嵵  ָ Ͱ׿䤾 âڸ ġ  ־׿ФФ Ͱ Ѵ̶  ڸã ԴٰϷ  ޾ФФ,0
mgs****,ܶ ϰ µ  ũ ī  ۾ Źڰ ٴڴٴ پְ ᵵ ſ ֳ׿ ,0
mgs****, ũؼ ܶ ߴµ 常 ũ    ۾ƿ;;; ̺ٴڴٴ Ф,0
26, ٸ ε  û ׿ Ф ǳ ʹ ,0
ʸ丸ۼȫԳ,̻ڱѵ  õ ٽ Ȱ,0
ƴ,ġ Ф  Ф,0
gyq****,  ƴ϶ Ĩϴ,0
aa,մԵ ĿǸôµ ǳ Ʈĥؼ Ʈ  ϰ ߿ܴ ϼ  ־̾䡦,0
iss****, ̳ . ϱ   ȽŰ  ȽŴ. ε,0
iss****, ̳ . ڷγ ɸ . ٵ  .  Ű   ȽŴ.  . ε.   .,0
,õ   .  Ѹ Ŀ  . 絵 . ̽ź ٸ ī õ ,0
عٶ1357, ʹ   ڸ   ʹ   ϰ ɾ ְ ʹ θ   ƽ ̵   55Ĵ Ⱥδ,0
װܿ24,ްö̶ ׷  ʹ Ƽ Ǻ ڸ ã° ° ִ̺ ڸ ñ⵵ . ĿǶ  ° ȾƱ 1500¥ Ŀ  .  ־.    ĿǼ    Ŀǰ   ƴѰ ׿.,0
JOHNMARSTON,  ־  .  ʹ .,0
wls884, û Ƽ ڸ µ;;  ڸ ̺   ÷ 鶧 ڸ ִ°͵  μ ¥    ޶ϱ  ¿   ׷ ̺  ġ Ź1  4 سô;; Ŀǵ  ͵  丸  ٵ  Ƽ   ,0
72,~.. 35 Ѵ  Ͼີ..   ¿ ϳ׿. ̶⿣ ״õ  뿡  Ű ̤  а   ´ ʹ ҽؿ,0
lam****, ٱ۹ٱؿ,0
Ŀ,ᰡ ޴   ޶ϴ. 1ܿ 8500ε  ̤̤͵  ..̤ ȭ 3..â ̳ â ó ¼ ..ִ̺ ڸ ɴ  ü 鱸. ̺ 1..  մϴ.,0
ƽý7263,׳    ,0
ٴҶ9749,   ָ  պ ڸ µ    ϴ  ٺ  ϰ ϳ׿!! ¼ Ÿ    پɾƼ  Ÿϴ.  âڸ ġο Ÿ Ʈ̵ Ǳ⶧ ſ ׿ ָ õԴϴ.,0
dongle63, !! ġ  ϸ  ƴ..,0
𷡶, ʿ  ʹ Ҿ ٽ 湮ߴµ ʹ Ǹ߾ ūԸ     ǰ  Ŀǿ Ʈ ƽ׿  ڸ̶  7õ̳ ϴ 󶼴.....  β ǰ   ʹ ̰߰ ׷  𸣰ھ Ű ó ũ  ҹ鿡 ޶ ֽó׿ ̰ŵ 7õ Ų...  չٴں ۾ƿ ߳ մԵ ٰ  Ű Ⱦô° ƽϴ  ٳ ֺ  õ߾µ  õ ϰھ,0
dag****,ͳݺԴµ  ڶ  ϰ  ʹ Ƽ ׳ɱ׷׿   Ҽִ° ƴϰŰƿ,0
Ŭ,¥а ׸ŭ ׿䤾,0
rla****,ο ݵ ǥ ּ,0
reunion,  湮  X,0
3957,ᰡ  ο,0
Singggg,ݴ ĿǸ ׷. ÿѵ ָ ڸ ؿ,0
SSAJI,ͳ  ʰ ĿǴ     ī Ը ȭ ͹  մϴ,0
lovelyissue39,Ͽ µ  ¥ ׿.,0
̻36,̳  ϰ  ʹ ڸ,0
̾8,信 Ӿ... Ŀǵ  ֹ ޴  ʹ  .. ̽ Ƹ޸ī ֹϱ⸸ ϰ    ... 󶼵 ݸ  ׳ ׷ ⸧ Ʊ,0
̼Ҵ41,ȭ ʹ~ ...̶ָ󼭱׷   ּ!!!  ĿǸð ߳׿.  ʿҵմϴ ׸ ٴٺ  â ʹմϴ..   ֽϴ,0
gpf****,ֹҶ ũƿѴٰ ߴ ߿̿  ȵǴµ ?  ϱ淡  ƿ 帰  ٸ ִٰ  ޾Ҵµ ? Ḧ   ƴ ſ ͼ ũƿ  ȳ?   ¥θ鼭 մ! Ʊ ݾƿ!   . ¥¥ Ѥ .....  ֹҶ ׾   ʾҰҤѤ մԸƼ  ˰ڴµ  ȭ ϴ..ȿ..  ιٽ Ȱͳ׿ .. ׸  ſ ݸ ׿.. ̰ ͼ     ƽϴ.,0
Ŀ," , ٺ ׷ û ",0
pg11,䰡 ƿ     ʾƿ ٺ ûҸ ϴµ,0
tw1004se,ĿǴ ־!!! Ŀǰ μ ׷Ф 䵵    ߿ ̺ ûҰ  ȵǾֳ׿Ф 2 亸 ĿǸô°    ڰ ؿФ,0
sil****,  ƿ.   ݿ   ߽ϴ. ûῡ  ִ  մϴ. ̺   ʾҴ ؼ ߾.,0
nur****, ʹ ؿ. Ф,0
ho0****,  ̺ û ȭ   ƽ׿ ,0
win****, ߾,0
 66,̶ ֿ µ ߿̺ ɾ  ȭǳ ûؼ İ 3 Ű ٴԿ.  մԸ  Ҽϰ   ݿ ٽ ȸ԰ . ֿµ      .,0
ູٶ46,԰ ʹ ۾ƿ. Ÿα ȵǰ θ ʹ α ̿... ũĿ  ºκôµ...,0
act****,ĵ ־ ޴ پؼ Ҿ ~ ^^ ī ε ؼ ҳ׿     ٸ ޴ Ծ ߰ھ ~~,0
ΰ, žµ  ٸ縻 ֹǥ  ְ ˾Ƽ ϶ µ . ̺ ûᵵ . ġ    ° õ.,0
ֹ,ʹ   ϰ о ƿ ٵ  ûҰ ƿ ȵǾְ  ϴ°Űƿ ٴڿ Ⱑ ٴϰ ̺ 簡 ʹ ƿ ˹ٻ  ī   ʹ  ģؿ,0
lyh****,䰡 ʹ ƿ ׷  Ƽ ׷ Ŀǰ µ 40̳ ɸ׿ ׸   ò,0
԰," ,  , Ĺ?  Ĺ ̶ ϸ鼭 100 ޴µ Ĺ   е ȵǾ ְ  ȵǾ ׾°͵   ̱  Ĺ    100̶ ȫϴ°  ǹ̷ ϰ Դµ 100ŭ ϴµ,  ûᵵ , Ƹ޸ī , 信 Դ ĿǺ   ν  ǰ ǰ  ̰͵  ǰ  ̶  ũ ٲ ũ α? ߿    ,   : ٴٰ ھ̶ ,   ñ",0
ry****,"̿뼳  ũ ... ũ   ϸ Ǵµ ƹ  2ͺϱ  ٽ Ӵٰ...۰ þ ,... ǹ ũ ̺  ٴڿ ȭп   귯ͼ ϰ  .. ι Ȱ",0
2344,"ñ   ..   ôºе Ф ϼ  ʹ ϰ    ؿ.  Ź帱Կ.?? е ż  ѵ װ  ޸Ʈ ׿. 䰪̱ ũ, Ŀǰ   ο.",0
76, ̹ Ծ. ȴµ  ġ   ó׿. ι ؼ 뷫 ĥ     ƴ  ȿ    ԵǾҴµ   ؾϳ׿^^.. ī   ϴµ   ⺻  ° ƿ.   ôٽ ƹ ɾ   ν ƴٴϰ Դϴ.  ̶ ī  ٸ  Դٰϰ ϰ ׷µ ...,0
jmw****,"Ǻ, Ĺ ī ؼ Դµ  ϰ ž ҰͰƿ,,,,,,,, 8300ε 絵  Դϴ,,,,,, ٴҶ󶼴  ߰ߴµ   ,,,,,,, īü  ĿǸ Ű澲žҰͰƿ,,,,,",0
ciciki, ڰ 䵵  Դϴٸ Ŀǰ ʹ   . νгʰ 8000ε  ź ̰   ũ ƴ ̷ ֹϰ ǰ   óԴϴ. ׳ ī  ް Ŀ ¥ ޾Ҵٰ Ϸ.,0
, ô  Ŀǿ Ÿ  ־ . λ ־ Ŀ. but ְ .,0
θθ2,䰡    ٰ ؼ    ־ ϱ ƿ      ׿~ Ƹ޸ī 6õ ¦ ѵ ̳   ſ  ̶ ,0
Ooaa,䰡 ʹ ƿ..  ⺻ 䰪ϴ ī׿   ĿƮ ʹ  üϸ鼭 ߴµ ˼ϴٴ   ׳  ĿƮ ϳ׿.. װ͵   ־׿     ΰ  ƽ׿..,0
ܸ¯31, ޴ ΰ θ  ſ ֿ Ǵµ  Ƶ嵵 ƴϰ öƽ ſ ƺī䰡 ´    ְ е ڱ ó̳׿ ĿǸ  ׷ص Ÿ   ó  ڳ׿,0
jja****,ٴ尡̶ƿ  ϱ ٺ׷ ģϰ  ̺ ̶ֵ  ϳ׿.  ̵װ ƾư6000ΰ  ο.,0
ǳ,"   ¯ ,, ָ Ȱ  ,,    Ƹް 6õ,,  ̸ μ θ õ     ƽ,, ϸ   ׷  ",0
yellow moon,ٴٺ ĿǸñ Ҿ. Ը ũ ġ   ΰ   ϰ ䷷ϱϰ Ŀǰ  . ȭ   .,0
ȭȣ,̼ 7... ԰ھ.. ̼  3~4 ؿ...??,0
4872,"1. ̱  1 ̻  ¦.  ԰ Ŀ ũƼ ٸ Ա 2.    7 18,000ε ũⰡ ۾Ƽ ̰ ٿ ٸ ...  ε Ⱦ 3. ָ   Ͽ  ƴѵ ָ ټ½ð  Ʊ 4.   ׸   ,,  ͸ ̳   ȣ  ׷ ׿  ־ٸ  ũ Ŀ Ǹ  Ϲ Ӻ  ϰ Ư ũ  ̼ϰ   5.  ż  ƿ Ưִؼ ݱ  8ڽ    Ծ  ݿ ٽÿ ƴѰ ƿ ѹ ñؼ Ծɷθ",0
bestmilk3,   ּ ѹڽ ȾƼ θԴ ߾ ε Ǹ ھ,0
׳ɱ׷48,ο;;;; ϳ ԰ óҰ;; ݸ 볻 ,0
극,ѹڽ ʹ ο ׷ Ѱ Ѱ  ߸Ծϴ ٷ Դ°  ƿ,0
Ʈ6556,  ġ   ̶? ѹ Ծ  ȣȣ  ƿ,0
÷,"Ը̰  ,  ŭ  ƴϾ ƽ...  ׻  7 ѹڽ õ ִٴ ı⿡ δ ιڽ ؼ ȸ߾   Ǹϴ   , ׷ ʹ γ׿ ФФ   ũ ٸ    ణ Ư ̱ ,  Կ ׷ . ȣȣ Ͱƿ.",0
s,"Ưѵ.. ϳ ԰.., ε Ǹڴپ~~~",0
means,̡ ̵ ̲ .,0
ϻϷηշշ, ޴ϱѵ  Ÿ ƴѰŰƿ,0
߽ľ,"ټ 40 . ,  ׷  ׷..¥ ټ  ƴԤ̤е׻ Ĵ  .° ƴ ׷ٰ  ټ  ƴѵ.Ư .̶⺸  . κи κ  .ϳ ü  е ûᵵ.ٵ   ̾^^;;",0
amy****,翡  ݾ״밡 ־,0
״ Բ, ׿,0
bor****,״ڳʹο,0
Ŭι5810,ΰ  ģ߾ .  ̽ũ  ־,0
ü92,ʹ Ѱ ƿ..,0
v4823,ټ 𸣰ھ ΰ ,0
268, ΰ ݿ   翡,0
ää5561,  1      ߿   30  ٷ  6 Ʈ 2  ֹϿ  帮±迡  Ծýϴ ŵ鲲 ȣȣ  ó׿    ʹ ޱ ϴ  ̾ Ʈϱ ׷ Դϴ   ؼ    ƴ ʳ  Դϴ  ణ ׳ ѹ Ծ մϴ õ    ٻ ̿ ֽô  ģ    ƽ⵵ ϳ׿,0
cyc****, ̸𸣰. ģϰ ׳ɱ׳,0
san****, Ф,0
otter147227,Ⱦ,0
hhs****, ʹ ,0
7655,Ǹ ϱ ģ ŵϳ׿,0
sulla6815,γ׿,0
ϸ,"Ͻôº   ϴµ տ 꿡 ̽Ѿߴµ  ,  굵   ߰ ϳ׿.   5 ۿ µ, ؼ ֹ ñ...",0
ްҺ15,   ٸũ⿡  Ȳ...  ?! ۾ƿ.. Ǹ̿..ȸ߾..  10¥ ..  ε...,0
͵ǿ͵, ׳ Ҷ̰ ޴ϱ ߴµ ٰ   3500ε  °...      ô ..  Һ  ...  ׷׿..,0
kim****,Ϻη ٸ ϴ   ...   ʹ ...,0
г1743, ־̳׿. ʹ ؼ Ѱ  ؼ µ   10 ĺʹ Ʈ Ҽ ִٰ ؼ ¿  6 Ʈ ߴµ ʹ ȸ  µ  ̳׿. ̽ũ ֱѵ ʹ ΰ   ,0
MVP1st74,  ѵ  쿬  ª淡 󸥻. ûپ󱸿 ̶   ؾʰ ̿,0
ϵ7671,"  6 ̻ ĳ׿,, 30̳ ٷȴµ. ȥ     ° ƿ,,",0
Ҽؿ,ٽ Ȱ ƿ褾 絵 Ȱ,0
ٴ53, ̽ũ ϱϳ׿,0
1, ѰŰƿ ӱݸ ,0
lwg****,...,0
44,ٸ鼭  ƴ!!!,0
44,ó Ⱑ ũ ʰ 춱   ̰ ݵ ʹ ο    Ծ͵ µ Ǹ̳׿ Ⱑ     ؾϴ° ƴѰͳ׿ ⵵ ŭϰ,0
tae****,  ޴ؼ  ýð   ұϰ γ   Ծôµ ۽ ׳ ߾ ٴ  ƴϸ Ư   𸣰ڳ׿..,0
, ߿ Ǹžϴµؿ  û µ   ? ǰ ִµ ,0
, ǰ ȵǰ θ ǸŵǴ° ,0
fre****, ݸ ,0
cholaura,Ẕ̇淡 Ծôµ ȳ ȫ Ʈ ÷ ̿. ̰ 5500 ְ Դ ̽ũ   Դ° ھ䡦.,0
wjs****,ƴ   ϰ α 巴 α    ö ƴѰ ƴµ..... ʹ رϴ  Ծ ɿ  ̽ũ ΰ ̾...,0
1768,ݿ  Ư   𸣰ھ,0
seu****," 10 ״þ, Ͼີ  30  ׸ ġ ۽..",0
ֱ529, ٸ޸  ֱ淡 ñϱ⵵ϰ  ؼ  ͼ ϳ ֹߴµ ԰ ȸ 11̽ũҲ.. ̽ũ  ־  ŭ α,0
5115ȣ¯," ο. ȥ 6 µ,   ߺ  ִ° ? ̿   ׿.",0
̸, Ա ̽ ޱ ¿ 10    Ⱦ  ǰ ǰ ڽ Ǹ  ƽ,0
49, ִ ȫxx  ֡,0
Haalmee,11 µ ǰ  ǰ  ڿ ٷιٷ   ǰΰ 𸣰ڳ׿. Ʈ ǰ ϰ ǰ  ȴٴµ   ķ ϴ ɷιۿ   ̰ ׳   ߴµ  ¿   Ʈ ׿ ̽ũ ε,0
ڴ5823,  ο,0
sy9999,δ Ÿ Ѥ,0
rn****,ʹ ϸ Ǹ....  ݸ ϴٸ .....   ƿ  ʴµϳ ּ 6  ϴ,0
97, ο,0
Ǻΰ,"  մ  ˰ڴµ  س  Ȯ ѻ¿   ѵ̶ ũ θô ̽ ϰس ī Ȱ  ""ƾ"" Ѹ  ̽ũ    ÷ ٽ ÷ּ̾  ߽ϴ",0
nym****,ʹο,0
߹ٴ273, ִµ ε ~ʹ ο,0
dre****, ѵ......,0
Ͽ0, ִµ   ο Ф,0
ְ̿,ټ ٸ..̽ũ Ⱑ ƴѵ. ԰  ~ ׷ ʹ. ~ ũġ  Կ . ִ~,0
ٴҶ9749, ^^  ϳ׿ ! ̽    Ǵ ߿ Ȯ߾ ̸  ̽   ƴµ ƹ      ο׿,0
ϸȴ2317,"ֱѵ ī   ʹ ȿ   Ѹ     ϰ ִ󱸿 ׻̿  û ,, ī ˹  ÷!!!",0
ũġ," ݿ   ʾƵ ɰ ƿ. ʹ ΰ غֽô ͵ ,  ϰ  ׷?.Ф",0
,"ϴٱ⿡  40 ٷ ܿ µ, 󰡴 ̾ ٷ ̰ݿ 츸Ѱ 𸣰ڳ׿  湮 ǻ ϴ",0
ȭƮݷī,"߽ɸ ۽ο ׳ ѹ ټð  ׸  Ҵµ 40  ٷȾ ٸ½ð ϱ      Ұ , ҵ µ ܶ 缭 ٱ ϴ  ߰߰   ű ̾ϴ νð ȿ  ٷ 庸ؾ Ѵٰ ؼ   6¥ ּҷθ ϴ   ⸦ ٴµ  ˵ ũ  Ͼӱ ȭο ְ Ծ  , ðҾ   ݵ ԾѴ? װ ƴѰ ҽϴ 湮̳ 籸 ǻ ~",0
98,  ʹ ׷ ұϰ ఴ  ñϰ ϴϴ Ѽտ ù ִ  ٽ  湮Ѵٸ     Ҷ ȿ  ϳ ְ 4500 ȭ,0
alsdk02,ȿ    ϴ» Ѹε ʹ ,0
hyj****,ΰ γ׿...  ݿ  ġ...ѹ °ŷ Դ Ŷĵ...ٽ  ...,0
躸,   پ   ݵ ΰ .. ׷   ڸ 4 Ծ  ׷  ٸ     ߸Դ 8 ̵  Ⱦ  ̵,0
ggr****, 20̳ ٸ Ǽ ֹϴµ  ȵȴٰ ؼ  ¥ ̸ ̶ ȳ ־   ,0
29,....û ׿,0
8997,ְ ٵ ݹ پµ  ο ФФ   ׷J Ϻ Դ ͺ  ־,0
ɳ17,  ¾Ҵµ ù  ǹȳ׿̤̼ ǵ ӻ...,0
߿߿9254, ִµ ģ ó׿,0
3ʹ̽İ, ο??,0
kr****,"˹ٻе  žҵ մϴ. Ѻ̼ ,,̽ũ غ, ǰ ɴϰ  پ.....",0
omk5279,׳  ΰ  ....,0
fks****,׳  Դϴ,0
jkn197986,ֹ޴ ں ҸѾ ٻܼ ģϼ..  ׳ɱ׳,0
䳢, ȸԾ 𸣰 ˹ٻ  ׷  ģ 6     ְ.. ݵ   ½ð ϰ    ι ȰͰ׿,0
,ð ۵  ׳ ׷.,0
Ŵ䳢, 䵥 밡 .  ,0
ʻ81, ϳ ʹ Ѱ ..  ñ ؼ  ʿ ° ƿ,0
CHLOE3923,ѳ ִµ  ΰ Ͻô (?)  ..,0
ø9736,ݿ  ũ ׿,0
Ȳ,̶ָ ׷ ⺻ 30  ʼ    ̽ũ !?÷ ,0
smm****,ִµ ʹ ο,0
, .. ù ^^,0
hjylee1005,11õ...   ׷  ʾҴµ 40бٷȴ... ̷Ա ٷ  ߸𸣰ڴ... ð... 츮 ϴ  ׳ ׸.. ￡   ־Ͱ.....,0
nicuhn,ʹ ô  .,0
ses****,ִµ ʹο ѹ ؿ,0
michael451, ϴٰ ؼ  Ծµ     γ׿..     ʰڽϴ..    Ұ...,0
zaz****,ʹʹ ο,0
,ѵ ʹ Ⱚ  װΰ,0
bgj****, ʹ γ׿,0
y a m, ȭΰ. . . ?   ټ° ļ      ƿФ ý ٲּФФФ¥   ٵ  λ .   ù ټϴ.,0
ĥ海,Ϸ 緯  Ưؼ  ģ ʾƿ,0
lemonsoda90,1 3500 ̻ Ѱ ־. ѹ Ծ Ʈ. ٸ Ҷ ޸ ⸦ ÷ ΰ    ޾ƿ,0
diz****,տ Ǹϴ   ʹģؿ.г.10  ù ִ ˰ 10 µ ׳ ֽñ淡 ù ô    ؾ ִ°Ŷ鼭  ϴµ µ  ؼ  µ  θ 帮 ٽ 湮ؼ 4 ߴµ ׳ ̺ ־ֽô󱸿. ׷ ˼ϴ   帮 6 ̹ڽ ִ°ų  ׷  ˼ϴ 6 Ѵٸϴϱ ¥ٴ ǥ ѹ Ĵٺ ̹  ̵ ̺ ̺   󱸿.   ʹ ߾.    ׷  Ѱǵ װ ٰ ٴϿ.  ʹ ģؿ.ణ迡 ǵƯִ°͵ ƴϰ  .,0
comlcoml, Ը  ¾Ҿ Ф   ׷,0
̻Ѵ54, ̱ ˾Ҵµ..ƴ϶ ƽ..ܸ ؿ,0
ȳ71, 簡 Űƿ ٵ  ϰ ޾ƿ䡦,0
̶3434,ڸ ټ 缭Ծµ~~ ״!!!,0
59,   ʾƼ ׳  ̻ Ծþ Ưϰ ѹ ؿ,0
ϸŷ31,"  ִµ տ ִ ں ʹ ģϳ׿,, ٺ  ˰ڴµ  Ͻôº ׷ ϴ°   մϴ",0
ʸ», ʹ  Ƽ Ը ȸ´󱸿 42000ְ̳ µ Դٰ ͼ Ȳ;; ƴϿ ̾~ϼžߵɰŰƿ~,0
ޱ,Ʒ ٸ ó ǰ    ־µ   Ǿ ֹϷϴ  Ʈ ϴٰ ϼż Ȳ߽ϴ.   ־µ ʹ ۽ ̾׿.. (׸  ȹ   īĸؼ  ֽϴ..) ߰߰ ȳ Ʈݰ ù ȫ ְ  ʿ ȳ(ǰ) ȵǾ־ϴ.. ǰ Ͻô е ϰ  ñ ٶϴ..  ϴϱ  ũ Ͻô е鵵 ð   ϴ° ؾѴ ˴ϴ.  ܷ  ϴ. Ƹ    Ե ʾ ͳ׿.. (α ı ٸ  ٷȽϴ.. 5:40  6:12 ī),0
RedApple, Ѱ  4õá  ٱ⺸ SNS ε ϰ Ǵµ  ־ ƴ϶  濡   Ǵµ մϴ,0
lo****,밡 ʹ ?? ,0
ȴϿȇ,ױȾƼ ϳ. Ծ ƽ ΰ  ĳ,0
, ο,0
̾߿ ,湮 ź. ߿   뼺ϰ  ־. ,0
eun****,ο,0
պ¯,ٸ ٸ ߾~~  γ׿,0
smddkdjd,ʺ ټ Ծ.  ̽ũ ñ߰ θԲ 帮 ټ ٸǵ ϴ 1ϴϱ   ȷȴٸ鼭 Ͻô...???   ̰ ϴ. ڿ  ȵ  ̴µ.. ƴ..  6ſ  6 Ĵϱ װǵȴ;;   1~ 5߾ °ſ׿??!  6 ȴٴ..  1  ȷȴٴ   ʹ ̰  ٽô Ȱ  ƿ. ׸ θӽĹ ʹ  Ʊ̾. θӽĹ ӱݸ  Ǹ  ȴ  ¥ οϴ..,0
hfr****, γ׿ ֵ ִٴµ  ټ  ƴѵ Ʈλµ ׳  ϳ   ܰϽ ҵ,0
ٸٸ,߿ 30 ٷȴµ ü  缭 մԿ    ٵ  ƽϴ  ٸŭ  ƴϳ׿ Ǹϰ ϴ..,0
sac****,ټ  ƴ ʹ  ,0
dhdwldthd,"߿ ʹٷȽϴ,,, տ ϴ  Ѻ̴󱸿,,",0
violetsuki, ٸ½ð  ƽ,0
,ټ° ʹ  ׸ ʹ ο䡦 ݻ   ٵ  õ  ׳ ,0
oin****,߿   ٸ  ģ   µ  ģ Դ  Դٰ     ̾ϴ ٷ ȭߴµ  ȭ   ȵ   尡   ȴٰ   ģ       ׷  𸣰 ư β   ־   ̾ ~ Դ   峭ġ ð  ȹٷ ϼ,0
," Ǹ ʰ  浵 Ұ . ȿ Ͻ  ڼմԵ ״  ģϰ ϰ, ڼմԵ ׸  ģϰ .",0
346,ݴ ο. ٽ Ȼ,0
,ݿ ؼ ε,0
Baixue,Ưʾƿ,0
Sophia3492, ʹ ο  ѽð ٷȴµ ֹ޴  Ѹ̽ô κ  ϳ׿,0
,   ſ α մϴ,0
2650, ģ ε ҷ 30̻ ֹߴµ ù質 ֳİ  񽺵  ù 6õ ٴ´ٴ~е Ͻô°̶ ׷  ݿ ģ 񽺰  ƽ~10Ʈ  ´ٰ Ф,0
Equinox,ũ  Ʈ ̽ũ.,0
314lys,"  ,,",0
,"2021 12 26 ߿, ϱ ټ Ȳʿ ʰνϱ? ̺ ۰ ؼ  , ٸ ٸ ֵ ϴ  õ帳ϴ. ¥ ӻ ٸ ߿ ȥ׿",0
wkr****,.... ο Ф  ߾ ߿   ٸµ ,0
õȳ,ٵ Դ     ο,0
gol****,׳ ׷,0
hon****,̵ ڵ ҸԴϴ..ʹ ϴ°Ϳ ϴ  Ͻŵմϴ.,0
˲پ,Ǹ ߵȴٰ Ѻģؿ,0
RA9440,"ֱѵ  3.500-4,500 ְ Ա⿣  ѰͰƿ + ټִ½ð..",0
local8822,׳   ϳ  ¸̿,0
mcurator,Ư ΰ ˰ڴµ ް ʹʹ γ׿,0
dbs12200," û . ó   ߿   .   ־  ̱ؼ ־.  ִ°͵ ְ ƴ ͵ ְ Һ. 1 ̻ Ա  ޾Ҿ.   Ծ ,   ο.",0
츮,ʹ ο  ִµ...,0
staryo,ʹ ο,0
73, ʹ ʹ޾ƿ ι ԰ڳ׿,0
, α⿡ ؼ  γ׿^^;;,0
63,ϴٴµ  ׳ ׷,0
ǵϸ,̰  ټ Դ ذ ȵǴ..׷ !   Ĵ  ξ ־!!  ʹ ޱ⸸ Ѱ!ƯѸ ƴϴ  پ!    Ȼ碌,0
ŭ, Ͽ ƿ~~,0
ȣȣȣȣȣ10,"30 ٷ ??  ÷ֿ µ ű⵵ ִ, پ ־???? ٸ鼭 ʹ 밨 Ŀ 𸣰,  JMT¾ƴϾ.. ???? ˵ , ⵵ ۾ƿ. δ Ϻ ӱ  ־. ݴ ο????",0
SB,ߴµ Űȵǳ׿ ٵ ٸؿ ¥ ־;;; ߴٸ ǳȸ  ̿,0
,ο,0
J0050,ٷȴµ α⸸ ϰ  ,0
camel1223, ټ ŭ ִ   𸣰ھ~~  Ϻ   ; ߴµ Ⱑ  춱ҿ..   ׳ Ҷ̶   Դ° .. ׷  ñ״ó   ѹ 纼 ѰͰƿ!,0
Letstoast, û  ,0
jan****, ,0
,ݴ ʹ ο,0
kimboa09,ټ µ ݴ ⵵ ʹ ۰ ؿ,0
comelw,ѹ԰ȸ,0
¼,  ̺ο   f ǳ׿,0
965,Ư   𸣰ڱ.  ʹ  簡 ϴ.  Ϸ ھȿ ĭ̸ δ ؾմϴ.  پ   ȺԴϴ.  ǰ  ʹ Դϴ.,0
azztt,ʹ  ,0
asdf3444,ټ Դ 𸣰,0
35,ο,0
godksml1004,̳ʹФ,0
Lamael, û ,0
60,̳ ټ Ծµ ƯʾҾ..ΰ ѹ ؿ~,0
67,󰡴Ѹ̿   ϰ  ƴѵϳ׿,0
,ٿ   ð ʹ ɸ  soso,0
kasuhye3248,Ǹ ÷ҰŰƿ ʹ ɷ,0
eunbhan1,ֽϴ  Ⱑ    Ŵ ϴ    ּ,0
ũ,"° ֱ淡 üϰ ݿ ûȴµ, ⿡  ȵǾ ־ ݿ ó ȵȴٰ ؼ ߽ϴ. ټ 簡   ݿ ȵȴٴϡ ü  ߴµ ݿ  ȵǳ? 6 21,000 ӱ&ӱݸ شż ٸ   ߰ մϴ. ̷ 뵵 ȳּ ڳ׿.",0
jae****,"  μ, Ư   𸣰ھ. ׳ ϰ, ؼ Դ ",0
ط1031, þ  Ȧ µ ΰ   ƴϰ... ׳ ׳    ߾,0
as0****,ֱ ѵ ʹ μ 10 µ 1 缭   ϴ  ׿,0
,ټ     û δϱ ñϽø Ѱ 弼,0
,ټ      ÿϰ ð ø   ԰  ˹ ¥° 鼭 ټŭ ѵ ƴ  ׿   մԵ Կ پ ټ־µ ٱ ѾƳ׿  Կ մ ٿ ذ ȵǴ° ƴѰ ? ˹ٳ  ٶ鼭 տ ִ ׷ð ̳  ؼ    1 Ⱥ ټ Ʊ µ ٸմ ¥  װ ϱ ٵ ġ鼭 ־ϴ װ մ Դϱ?   ̽ũ Զ ģ ʹ 񱳵ſ,0
5123,  ܺο  ٴٹ? ݹ̿..,0
4673,Ŀǰ ޴ϴ ׿  ٷ  ־  缭   ְ .. ׷ ٴٰ ̱ ..   ƿ ٵ  ֳ׿...? .. ¯ ū... ...,0
aw****,䰡  ڰ ī䵵  â   ó  â ؿ䡦.,0
2,Ʈ ְ    ⵵ ƿ ٵ ϰ ~ ɾؿ Ф 길ϰ  ȭǵ û  ʳ׿ 1 1  絵  ʼ ؿ..,0
ٺ8179, ̺ ʹ  ʹ ؿ ޴  ϰ ѵؿ 񰡿ͼ ߴµ  ʹ Ф  ʹ   ߱ õĴ     ȭ 󱸿  ̿ õûϴ ûұ⵵  Ф  ʹ Ȧѵ ؿ,0
, 1. 䰡  2.  д 3. ó Ÿ  ִ  1.  Ƽ   .. 2.  ̳ Ѳ ִ° ƴ϶ µ ¶  ϴ( ٴϴ° ),0
merimy,Ŀ   .. 嵵  ʾƿ..,0
ƮƮ3,QRüũ ϰ ٷ  ֹؾߵȴٴ ȳ    ׿  ֹϰ ̺  ߴµ  ̺   기 ڱ ְ ڷγ Ȳ  ؾ  ǿ   ƴϳ׿.   Ͽµ ұϰ е Ҵµ  īͿ ְ ̺ ۰   Ͻô° 󱸿,0
Ʈ8771,Դϴ. Ŀǰ ΰ 絵 ۾ƿ. ̽ ſ ְ..Ѳ .ĿǴ Դϴ.,0
8065,"丸 ,   ΰ  .  ģ ʳ׿.  絵   ʹ ο ",0
CherryBlossom,"䰡 ڰ ׸  ϴ ׷, е ſ ģ Ͻð ᵵ ݴ ʹ ̾   9 ε  ʹ . ʹ Ǹ߽ϴ        ؾϴ. ͼ    ȭ  ֹ϶ ؼ  θ߽ϴ  µ ڷγ   ȵȴٴµ ö ΰ,  ٴڴٴ پִ ̺ ġ ؾϴ° ƴ? 9 ε  ʹ  ڸ ڸ  ָָ   ٶ  ڸ ã  Űϴ  ʹ  ź  ݿ  絵    ѹ   մԵ ݸ  ģϼ ڳ׿",0
ŷŷŷ95,ĿǾ,0
λſ9," û а, 䵵 ƿ~! ٵ    ~  ?   ~  о 1 1޴ ΰ ˰ ˾Ƽ~  ųٵ  մԵ  üũϰ  ѹ  ѹ ̳İ üũϴ°   ڳ׿  տ   ڿ     ٸϰ ̰   ù忡  ϳ׿",0
ʶҼִ°ž,ΰ  ִ  湮ߴµ  °ġ  ׸ ģϽ...Ⱑ¥  ں ƮϽź ׷ մ  Ͻôº °   µ Ǹ ȵ װ͵ մ...   ѺĿ °  ͳ׿.,0
1522happy,  Ȱ ,0
kan****, Ը Ű  ¥,0
ald****,ѹ ѵ ι ״Դϴ.,0
kryr7896,ٸ Ŀ ٽô Ȱ ƿ Һڿ    ,0
www,", ӱ, , ũġ Ծôµ,, ũġ  ֳ׿. ̶ ӱ ʹ ޾Ҿ. ټ    ƴѵ ϰ ũġ  ԰ ̿.    ! (ð̳ ؼ  .   ð  û 䡦)",0
ʷϹ,Ϲ .     ƴϴ,0
jei****,ϳ  3500-4500̶ Ф  ѵ  Ʈ Ĵ 춱 ϴ. Ư ...  ټ 淡  ȸմϴ.,0
ѷ43,ο䡦 ֹ޾Ƽ õ   ϸ鼭 Ա⿡ ׳ ƽ,0
soo****,,0
8, ſ ϳ׿;;;;;; ̰ݿ ι ԰ٳ׿.  ̽ũ پ. Ưϰ ִ°͵ƴϿ.  ͸̿. Ϻη ټϴ° ֹ ʰԹް~ ½ð ɸ~ 嵵ʰ~ ¯ϴ°..   Ϸ     γ׿.,0
 ,   Դ  ؾȵǴ ,0
yo2dayo,ֱ ߴµ ̷ ټ Ծ ϳͰ γ׿Ф,0
´1326, ʹ ׿,0
ٽ65, 峭ƴϰ   ׷,0
,   ŭ ƴ,0
, źѰ ึ ½ð ټִµ  ׿ ϰ ٶҰ ״  ټִ¼մԵ Ҹ ̾׿  ߳÷ մԵ忡 Ǹմϴ,0
Ŀ ,~~~~~~~~~     ͳ ıⰡ Ƽ ټ Դµ  ʹ   ,0
Junyjun,ָ  .  ӱݺ ־.    ¥ ֱ.. ö ƴ϶  ũⰡ ƽ,0
,"ͼ ѹ Ծ ̿  Ծ  థ ȻԾ Ǵ ׷... ٵ  ݵ ΰ,, ġ ̽ũ ־ :)",0
sopia,ڸ ƮŸ  ƽ׿ ̽ũ   ,0
5825,ǰ Ȱ Ʈθ ȾƼ Ȳ߳׿䡦,0
°°92, ִµ  οФ,0
dns12200," û . ó   ߿   .   ־  ̱ؼ ־.  ִ°͵ ְ ƴ ͵ ְ Һ. 1 ̻ Ա  ޾Ҿ.   Ծ ,   ο.",0
Kal El,"  ֽϴ. (׷ٰ ſ Ưϴٰ   ׿. ȭ   ִ ̶~) ģ    ׿. (ģ ƴ Ѷϰ Կ  ޴ )    Դϴ. ( ó̶ 10 4Ʈ ߴµ, 5  ȣȣ ֳ׿.)    ϴ ޴  ؾ ϴ йڰ ణ ֳ׿ ѤѤ ࿡   ġ .  Բ Ʈ Ա⿡ ҽϴ. ,  Աؼ     ϳ׿.",0
ȩ,ݿ   ο~׷ ־^^,0
Ŵ, ο ݸ 顦,0
170,2 8000ε  ο,0
ź,ؼ µ ִµ   ѵ~~^^;;,0
ohs****,̽ũ ÷    ϳ׿,0
chilis72, ο,0
ູ5643, ʹѰ ƽ׿,0
22,  ̶ 湮ߴµ ݿ   Ǹ. ?  𸣰ھ.  Ʊ.,0
9492,    ο.,0
迩42,  ʹο~~~,0
mshong1211,  ,0
23,ĿǴ ̰ ִ̿.   ģϸ ڳ׿,0
Do,  ģ... ׸ Ķ ٶҸ ɴٰ ȳ ٿֽô.. ȳ ִ;  ٶҾ Ǵ Ƴ? ڸ ⲯ  µ ͼ ^^ ڱ  ھ? ٶҾ Ǵ°.....; ƴ 츮 Ƴİ ٴ ƴѵ ģ  žּ ֹҶ ;; ̽ ִ  ٸմ ֹѰ  ޶°? ̱ Ƽ մԽŰŰ..  ̾׿ ο ΰ ģ ٸ Ǻ ī   ʿ伺 ..,0
ֱ۽3,"³ ̾ ʹ òµ 뷡 ò  .   ʹ ʹʹ ģմϴ. Źؼ Ǵ° ϳ ,  . Ŷ    ׿. ٸе鵵    ؽô  Ű.",0
۱׸,ĿǴ  ܰ ־. ׸  ӹ մϴ.  ģ..,0
ž88, ! ׸ŭ   ! ׸ ̻ 信 ƽ  뷡 ʹ ò,0
twinklebyeol,Ƽ ̳׿... ۿ ೢ ص  ͼ ϴ. ʹ  Ʈ ٴڿ ߷Ⱦ ̤̤       ϸ    Ƽ=     ʾҽϴ. Ͻô cctvϽø鼭 ڵ Ͻó׿ ϰ  δ  ̴° ƴ϶ °̴ϴ.,0
Ա8331,Էΰ 賭ϰ Ŀǵ ο. 鵵 ģ ʾ 湮 ǻ ,0
ؿο,Ⱑ ʹ ƿ,0
̹, ׸  ̻ ̵ ݿ   絵   ſ  Ǹ߽ϴ ..,0
17,仩. νγϷ  Ǻ ,0
ȣ," Ǫ  ƴմϴ Ǫ ԰ 幰 鷯þ   ۾Ƽ 㿡 ã ߾ ϱ ϴ  ġϴµ ΰ  Ͽ ֺ  Դϴ    մϴ ̷ ִ, ",0
16, ־~ ٵ  ʹοФ,0
缷,δ,0
 Ÿī,Ŀ  ,0
John Doe,Ŀǰ ,0
,,0
,̵ߵ ݾ  Ʋ ȣ  Ƹ޸ī밡 ؿ;,0
americano, ٷȾ.  ٻ ð ȥ Ͻô....,0
Ssun Im, ٸ  ε   ̻ȣ ?   ⸧ ¿ִ  ̸ ,0
ڽ,ģ  ϴ.   ǳ濡 ¥ 00ʹǳ ߶常 Ʋµ  ϴ ־̳׿..,0
ī,λ ־ ĿǸ.,0
* Ǻ,ī ư Ҹ  Ŀ ¥.,0
Jessica, ,0
Jaekwang Cho,Դϴ. ׸ ̻  ī  ִµ  ۵ ʽϴ.,0
,Ŀ 巴  .  .   ι.,0
̳,"Ŀ ¥   ׷, ǳ氪",0
," Ŀ ִµ ~~~~~~~~~~~~  QRν ⵵ ׻  Ѱ..,ΰ   Ƶ ~~~~~~~~~~~~",0
,־ǻ ٱ۹ٱ ǰݵ ,0
??,پ ġ ܰ  ī. ĿǴ  µ 7500   ʰ  · ( ϴ ̾). ׸    1 ڸ ȭ  ϴٴ .(Ư ȭ  + ûҾ !!!!!!)ȭ ´ Ⱥ   ε ̺ ȴۿְ ü ûҰ  ȵǾâ ǳ ɾƼ  ã īε ֺȯ ü Ѵ´ֺ ݸ ѷ ī䰡  ϱ  պ ȵ ī   ....ı  Ⱦ Ȥö  ī並    Ҹ ã   ϴ  ᳻.,0
ܰ, ž... Ŀǰ ͷε ڷε ٵ  ,0
MANO C,ѹ Ǽ  ι  ʿ.ʾҴٸ  ʴ°  .      .,0
,  ߿߿ŷ ò ĿǴ ̰ ϰ ٹó ҿ´   Ҵ ׿..ƹٶ  ̸  ϰ δ Ź  ڰ ϰ ..  ϴٰ Ƽ... û̶  ֳ׿. ̷Ÿ ĿĮ ֽ..ô е   ƿؼ ,0
Դ,ٴ尡 ̶ װ ʹ װ    ãҾ ̤̻ ʹ Ƽ  Ӱ.Ŀǰ  . ̶  ߴµ ʹ ⸧ ̤ Ͷ   ĿǶ  ʹ ѵ.̶ ˹ٻε . ٺ ž°Ǿ¿ . ̺  ۾ּ ڳ׿.ʹ Ÿ !!,0
õȫ,Ĵ Ƽ  ֿ°  ٳ Ĵ   ô.ĿǴ ظϸ  ôµ   ̤ ó Ҷ Ŀ ־µ ¼ ̷ ~~~~................,0
L R,ʹ  ׸ . Ŀǰ   ƽ ũ,0
, Ұ ȵȴٴ... ׷ ĿǹǳĴϱ ݵ̸ִؼ ޶ϱ ĵĿ  5õΰ6õΰ ٻ ĵĿǸ ׵ְԴٴ.. Ȥϰ Ծ ¥  ̻§̳ īͰ ְּ̳?һ ˹ٰ  ׳ Ҵ.....,0
Ȳ,"δ ׷ , ٸŸ ̳  ϰ, ĿǸ  . ׸ ü, Ʈ   .",0
VIVI AN,Ŀǰ ʹ ̰ſ ̽ũ󶼴  е  Ծ  ϼž ǰڳ׿ ĿǸ ƿ ȳϴ,0
Jeju life,ĸ ƴٴϰ û ° Ҿ,0
???,帳Ŀ ӻٴް§忡ƼӼûٵ,0
,ο..,0
ĸƾ, ȭ ȵ  ǼҸ ò  ӹ⵵ ׿. ϼ  ī䰡 Ŭ ƴϰ   Դϴ ̿뿡   ϼ,0
DID K,ڸ Ƽ µ ȸð 4000ϳ׿ ƿ ̱Ѱ,0
Jennifer Song," ʹ Ƽ    .̺ ʹ  ڸ  ɾƾ .ܱ մԵ  ܱ  ޴ ־ . տ Ϻε ֹ ؼ  û .    ֹ ϴ Ÿ, ߿  ߱ ޴  ִ°  ûؾ ִ  .  ̴° ġ ξ . ȱ׷   ٵ  ٸµ . ׸ ,        ̶ ǥǾ ִ° 2õ  . ߿   .       ذϰ ° .  ʹ  ؼ  ö ŷο.    .  ǹ ܰ ̻ ϳ .",0
Robin Hong," ̷  ذ Ȱ. ٴ ǳ浵 ƴ ׳ ׷ ٴ, ֿ ̷ ھ ٴٵ 幰ٵ..   Ѵٴ  ⿣...ؾȵθ ٺ ϰ   ηѵ..",0
,ʰ ʺ G.D̸  Ѵٰ ϴ» ְ  ϴٰ ȾҴٴ ҹ  ư ī ƴѵ ī ȫϰ ٴϰ ߱ε īپ˰ ǳ  ٷ  Ŀī ߰    Ŵ ̶  θƺ   𰡼 åڵ ̾Ҵµ Ʈ Ŀ   1  ٸ ߵǴ  ̾Ƽ մ ƴϸ  ϽѼ      ġ.ϰ ҷ ϰ ϰ ,0
maybe, ٲ  ̰ĿǴ ʹ߾佽 ٴٿ ǥߴٸ鼭̳ öƽ̾ƴſ .... Ѱ....ǹ̵ ⺻ź   ūſ 5õ޴µ.... ȭ󱸿....... ׳ ־µ ϶  εؿ........,0
J,8ÿ µ 7ú Ŀ   ò û.   ־. ġ .   ȵǴ .Ե õ.,0
ju heui oh,ȵǼ ȭǿ ִĭ ϳ̰ մȵǼ ..  Ǿְ ̴ ? ǰ ǰ̶ ִµ Ѱ̰.. õ   س ׳  â;;,0
,"ȣ,   .",0
谡,Ŀ   Ų ٸ ͵ ֺ ġ  ̶ ϸ ɵ    ׷ ٴ 湮 ǻ ,0
İ,𶧴     ʹ 买 ֿīŸ  ׾׿ .  ٰ ǳȭǰ  ڼ ׾־  ɾ .. ·  ֿ ī ̷ Ѱǰ... ٴٴ ׷ ޴ϴ!  Ƶ...,0
̴ٳ,ݿ ɸ´  񽺸 ߴ غñ ȭǰ   ߿ ̺ Ŀ 谨...ű   ð ü  Ʊ,0
jy Song,"պ  ׷.  ִ ž ģ. ü ָӴ մԵ. پٴϴ ֱ ƺ. ĿǸ   .ĿǸ ϰ Ưְ   ׸ ܰ    ۵ ʹ  ˹ٵ ڸ    ϰ õ   ٴ  ͸ ɵ ű⿡ bgm edm,, ѹ ɷ ʹ .  2õ¥  ϰ  15и ., ٴ ھ   ġ ī䰡 ִ° . ֺ ٸ ī鵵  .",0
SOYOON CHANG, ΰ ϰ ߱ε Ƽ   òϴ.  帮  ߾ ī ѹ  湮ǻ ϴ.,0
׿," ΰ ٰԴϴ.  񽺾ε,    ϰ   亯 ƿ.ϸ  Ѿ ̶ ϴ ε, ֹ ϰ  浿 ϴ.  ִ ,;;",0
ej K,"ҹ    ġ. ̺ Ƽ  ָϰ ϰ ǹ   ʹ  ò  ׳ .ī \6,000   Ȧ ڸ ԵǾ .  ٴ ǳε ٷ ڿ 㰡 Ѹ    Ҽ  ִ  .",0
,ֿ..ī ߴٱ淡 ôµ ȵ  īٱ غ   ɰ    ɰ,0
¹,"ϰ òĿ, ũ  ũ      ũ ȭ",0
豤,ʹ Ͽ    ʹ  ٴ尡 ٶ󺸸 Ӱ    Դϴ.    ,0
Jy B,"ϴ ʹ ζ ιٽô ȿõ.е  ǥ  Ŷ󶼿 ־  ״,ȭǿ ĸ ٴϰ   ȴõ忡    ü ϰ Դµ ʹ Ǹ...",0
Qhao,Ŀ ʹ  Ф ٸŸ Ǿ,0
,"ϳ Ʊ.ֿغ  ܴ̿   ־. , ģ, . GDīٴ ȣɿ µ ð,  Ʊ.   ִ ī ϰ 鵵 . ư ٽ Ȱ. ̹ ֿ ϰ ߸ ̿.",0
Soon Lee, ϰ ̰  ȵȵ ٴڰ ̺  ׿ ɾ  ƴϾ   ؼ ãưµ е  ɾְ ׳ ,0
Gerrald Chae,"  , Ŀ ô 縧 ߱  ,   ˾Ҵµ  Ÿ  ħ̶ 2000 μո 帲 ",0
Miyoun Yun,ְ ٰ..ᰪ ʹ ΰ ٴپΰ  Ծ,0
Hyewon Jee, Ѷ꽺ΰ  ִµ 8õε  ΰ..... ڸ ٷ  ׳   ° õ,0
Michelle Lee,ҹŭ  ƴѵ... ϰ .ī ...,0
Ǽ,ġ ...ī ... ⺻ 4000 .  ...ٽô ȿ´,0
,Ŀǰ 9000  ʹ  δٽð  ,0
Ȱ,׳ ٸ  ° ̵ֺ  ȿ 鸮 ׷ٰ ϸ ſ  ° ƴѵ,0
赵,"GDī ð,GDī ġ Gֳ׿GDī û԰ ģ԰  ٻ ׳ ϸ  ",0
糲, ڿ ġؼ     ڿ ״ΰ Ҵٺα ġ ī õ̴,0
,F  ѰƱ. 浵 ȵǴ ⸸ϴµ Ḧ 2õ̳   ̾.,0
糲,  ׸  ģ ʿѰ    ѿ  ڱⶥ̶ ϴ³ ƿ    ٴϰ,0
ݺGeum-bi,ٴ ̺  ΰ  Ҵٳο  뷡 Ŭ뷡 Ѱ  ͼ ⶧ Ӹ ʹ ļ Դ湮 ǻ ,0
Kimڴ, Կ~~ ޶ؼ   ݾҴ~ߴ ׳ ~,0
϶,Ŀ     󵵰ǹ  ü   ⿡  ,0
Ȳ,õ忡񵵻 ٴڿ ̿ ȭǵ  ΰ ʹϰ ߾ͼ׷ߴµ ܺ ׶ڳ μְ ѵְ ִٳͼ ȸ߾ ͳݿ ׳ gdī俴̶ ͺôµ ʹʹ ٸī䰡,0
KIM KYUNG SOON, պ      . ΰ ϰ   ϰ...  ¶ Ը  ִ ,0
ÿ,  ?ȭ û ҷ2018-10 µ  ü Ȯ   ֳ?,0
Hyeyoung Lee, 1 Ʊ򰡰 ΰ  ǳ⵵ λ ʹ  ۿ ġ  ĿǸ ۿ ϰ ɵ,0
,ĿǸ԰ () ؾ߉,0
뷹,  Ը ۴ 6õ  ũƿ ̶,0
ȿ,  ī䰡 ƴ϶ϴ~~ġ ʹ Ŀǰ 䰪...̶ФФ,0
,ʹ ؿ俹 ƴϵ  ʹ ,0
 ɳ,ٴ尡 ̴°  ϴ ĿǼ̶°  Ư ,0
Byungsik Park,7ñ ε 6 20к մ iƳ մ  ִ  ,0
mammoth,    ΰ ٽ Ȱ,0
SUNPIL KWON,ġ   񶧹  ϴ.,0
Daye Park, ī䰡 ʹ ۰ ĿǸ  ò ģϰ ž ,0
, ī ߿  ںϴ  ,0
Yu J, ̻ ī䰡 ƴϿ ٸ μϼ̴ٰ մϴ,0
insert,ܰ 콽  ΰ,0
ؿ,ܱε ۹   ȯ Ѽտ   ϰ ִ .,0
, ̻ 䰡 ƴ ̰ Ȱʹ,0
,   ..... å ¸ õ帲 ,0
kwangbok kim, ״ ģ ʾƿĿǵ ״~~~,0
, ʹ Ƽ ڸ ~ ݵ ʹ ΰ....,0
,ʹ  ׳ տ ߿  ..,0
tajo3000 Jung, Ǹ!!   ȵǰ ģϰ,0
Subin Kim, ʹ . ̰  ֿ ϴ밡   .,0
.,ġ  ĿǴ ,0
ç,ġ  ãⰡ  γ׿,0
,Ŀ âӿ ò  . ġ 尰,0
߱,  ̿尡  ,0
, ŵ  ݸ ,0
ys Han,ʹ ο ʹ ƿ,0
ȯ, Ż gd ǵѤѸ̶̸ ,0
Hoon Kim, ׷ ׷ ī.,0
Ŀ,ĿǴ ״  ,0
SangWon Lee,׳ ׷  ,0
Star,...ī ϳ..,0
谡,ò.  ֵ ,0
ۼ,β! ٴٸ ,0
,,0
Hosun Cho,븸ŭ ƴϾ׿...,0
,ΰ ģ,0
̽,ģϰǺģϳ׿,0
, .,0
rulermin,ִ° ,0
Jeju Tours,"ʹ ̰, ò!",0
jw james, ̳ʹڽ,0
ڱ,߱ ۵ ߱پ˾Ҿ,0
ձ۰Եձ۰,¥  Դϴ٤Ф,0
Ji Young Lee,  ,0
,⺸ ۵ ,0
GUN YOUNG e,  ,0
ý,ѻ̸ƼȾ~~~~~~~~,0
,2 Ȱ,0
SangWook Lee,׳ ׷׿..,0
Ʈ,ȭ  ,0
,Ѹ,0
,ʹϰž,0
,,0
̰,¥,0
¼,,0
赿,,0
keep learning, ,0
,..   ,0
,Ф,0
Hugh Kim,â,0
,Ʈα شٰ ȤϿ մ θ ⿴ Ⱓ ٸ鼭~~~,0
ġ, ΰ  ,0
ȿ,ϰ  ,0
չٴġ,...׳...ʹĬ4ܿ6,0
ذ,ؼ忡 ٰ  Ͻø..,0
ּҳ76,ĵݶ6õ Ŷ󺸴  ,0
, Ŀǰ  .....,0
Žȯ,־     â,0
Eunsim Jo,   û ΰ ò,0
,Ⱦ ò ָƿ,0
JH K,,0
â,,0
HyungSeop Moon,״,0
μ, ¦ ¦,0
,,0
BOREUM KIM,ٳ,0
̱,ʹ μ ¥,0
,ݴ񡦺,0
,䰪ġ Ѻ,0
,ʹ ο,0
,ι Ʋ뷧Ҹ,0
ٸ, ο,0
sm y,־   ģ,0
B.R. Kim,縦 ϸ...  ݴ ƴϸ  ϴ..2 .. ¯ΰ??,0
Hyun Sook Joo,"ݴ Ŀ  ׷ϴ. â  â ¼ ٴ û ° ſ  ʾƼ, 䰡  ī     ߽ϴ.",0
ڴ, ȵǾ...īε ̰ɷ  ̴̹ ٸ  Ȯ ũؼ ̿帶 . ٵ   ̿īε ī  ȵǾ Ӵ 鿡 Ⱦ  ̶ ִֿ  Ǹǰ ׵׵ Ǹϰ. ī ȭǿ  ȭ ۱   ûҵ ʹ ȵǾְ ڷγ ȸ Ÿα ΰ ڰ 峻 ġִµ  κ귯־ âΰ͸ ׷¿. ־.,0
Jung won Lee, ʾƿ. ֱѵ ܺ ׸ ʹ ϰ  ȵǴ Դϴ.,0
Aiden Park, ϳ Ʊ  ģϰ   ī....  ٸ 鸮  ,0
ȿ,    ƴ...׷  ʹʹ ... Ǵ°,0
j k,  ϴ  ϸ󻧺 ̾... ٸ 弼Ϻη ٽ   ϴ,0
õ,  60 ߹. 츮    ʴ´.  ̿ Ҽ ִ Ű ̴. ±  ġ ü  ϴ.  ٴ尡  good,0
Dayoung Jung,ʹ ϴ. ̷  ī ó þ. ,0
,ٴ   ü  Ұ Ŀǳ ٸ   ,0
,ž ׳ ġ  ĿǙ..̶ ׷ ʹ   ־  ..  ؾȰ ī䵵  ־.,0
Potato King, ׸  ſ ò,0
, ǰ  Ķֵ پ־ ۿ ɾ,0
質, . Ѷ ο  丸ŭ,0
DEV G, ΰ  ° ƿ..,0
Louis B.,"ҹ ġ  ! ŭ ︱  ׿. Ѷ  'ȱ Ͼ'   ־   ,   ׳  , ׷  4 ȣڼ. ٴٺ ֵ ؾȼ ī ռ.",0
迵,ġ ϴ  ϱ   ױ  ϰ   ϴ Ͻñ  ϴ  ϱ ø ׷ 𸣰 峻 ȭǳ û󱸿,0
輺,ü ĵ.Ƶ  .,0
Daniel Ko,ǹ    ʹ ϰ   Ƽ   ī  մϴ,0
ۼ05,ī䰡 ʹ ϰ Ŀǵ   丸 ƿ  ƿ,0
YOLO Yoloo,̿  ߸ Ѱɱ   ʰ  񽺿  Ƽ Ŷ  ε ׳ ݸ ο Ƽ ̱...,0
Sujung Park,  Ѥ û ϴ°    ȯ ȵʱŸ ƹ ī䵵 ⺸ ƿ,0
Matthew,   Ǹ̾,0
ڱ,zzzzz  ڸΰ ϱ   ״µ Ÿ  ¥   ־ ֿī  ƴٴϸ鼭  ° ó,0
ö, ȵǼ 乫 ްԼ  .  .,0
ȣ,! Ŀ   ~  ¥ ,0
Minkwon Jeon,ϰ γ׿. ι Ȱ ͽϴ,0
," . ϰ,  .   𸣰.",0
,⸸ ƿ  ʹ ̾,0
ȫ, ȵǾ  ,0
輺,  α  ̵ 󱸿,0
HEEJIN LEE, ʹ  ûᵵ    ,0
,.  . ,0
random random,   ʾҴ,0
, ϰ   ⵵ ״,0
,Ŀ    ݸ ΰ ,0
,1 ׿,0
Thomas Harn,ī ̺ ڵ û    ϴµ,0
,  ģ ٽ    ȵ,0
̿, ٳӴ 鿡 ϸ γ׿,0
󸮱ȣ, Ʈ ,0
,̳ΰ 嵵 ۾Ƽ ,0
豹, ϰ ò,0
, δ,0
,ģ... ؿ ̤,0
ſ켭, 䰪̾,0
,  ~~,0
ȼȫ,̰̳,0
Ŵǻ̾ƺ,,0
mc song,,0
Ȱ,,0
ȿ, ¥ ģϳ׿乮  ̰ ָ ư ϰο Ȯϰ ϼ.  ϴ .׷鼭 ޴  ߸޾  ߸.,0
Rich Y,  ȣ  µ   ؼ  İ ģ и ϰ Գ. ˹ٻ ʹ ģ.. µ ̰. 忡 ĸ ׷ .  6000. ߿ Ĵ   â־ְ.  ɾ ϱ⿣ ʹ δ.,0
,ī信 2   ũƿ  ֹ     ڴٰ ϴ  2 ֹؾߵȴٸ ϸ ̾ٴ  ڿġ  Ȳ߳׿.   ö  ð ؼ ī ο 5е  ʾҽϴ.ڰ  ʹٰ ؼ  濡  鷯   ǵ Ḧ    ͵ ƴѵ մ  ڼ  Ǹ߳׿.ٽô 湮   ϴ.,0
籺, ̽ũ ׸ αڿ 7000    е 밡 ϴµ  óٺ  Ѵ ̵ û ̴µ  ãƿ  ̷ ȵǴµ  ΰε ٰ  񸶸ؼ Դµ Ʊ д ׷..,0
,2019 1  ˹ ģ  ޻  â ٴٸ  ͸ ְ,0
Rim Sooyeon,ݴ ᰡ ΰ ȭ Դٴ  ۽... ٴٸ ٶ󺼼 ִ  ϴ ȭ  ȵǴ° (2  Ⱑ  1 밡 ־)  ׿,0
۹,׳  õ .ȭ ŴϾƸ ...,0
Yeohyeok Yun ()," ĿǸ ̿͵ δ  δ տ ٶ ٴٰ 帮  , ȭǵ ,   ",0
HYEJIN KWON,ֿ 𸣰...Ŀǵ ⵵  ֵ  ִ¼.  ò ġ  .,0
췽,Ŀ ..Ư Ƹ޸ī   ī ۰  ,0
ȫ,ֹ޴º ~~~ ģؼ ߾,0
JIHYUN HONG,Ŀǰ ׿..,0
̴ Ƽ,ž..ģĥ~,0
,ƹǹ̾ Ѱ.....,0
ceokyk,׳  ȭԿ ,0
ȫ,״,0
BAEK OPPA,־  ε,0
ina P,̵鿡 ︱ ,0
⿵,ᰡ ,0
âȯ,ѹ ,0
,״..ڸٰ....ҽҸ..,0
Henry14 Thierry (simpson14), û ģԱ׳  ϳ Ű ۿ ϰ  ° ε,0
,Ȥ ݷ  湮 ϽŴٸ   ,0
Chan Sik Kim,ڷγ 19  ʹ .,0
̿," ׿ְ ûο ͵ µ,",0
,ΰ ģ  ʾ,0
,ؼڸ׿,0
ϼ,־ ..ڷγ .,0
, .. ȵ,0
, ̳ģ,0
,,0
籸, ģ,0
,ٺ,0
м,Դϴ,0
輺,δ,0
ڼ,ò,0
̱ٿ,,0
ks kim, ,0
,    ڳ׿. 縦 ϴ° ĳ° ,0
迬,԰  г׿ .,0
Seongho Cho,ī ũ   γ׿,0
,ݻ.. α,0
̾,̻۵ .....?,0
Soyoung Jin,.........,0
,Ʈ ¥   ġź ƿ..  3 ð   ðٴ󱸿,0
,"   𸣰ڴ,,,,    ܿǸ  ߿   ,,,",0
Bob,ʹ. ׷...ֵ  𿩼 ϴ ̱!,0
۸ʸ, ֹ,0
Wonyoung Kim,ӱ ʴ° İ ,0
Yongjin Kwon, ʹƼ ò,0
Sukwon Ryoo,Ƽ̼  ..,0
¸,..   ..,0
Nobody,,0
?, ˳ ī Ƽ̼ ƽ  ũ ϰ   ؼ  õ ʽϴ.,0
?v?ɾ,賿 ¼    ȯ ü̳  ϰ   ڴ,0
ڹ,   .... Ƽ µ Ŀǰ ʹ ,0
ȯŸ,  ΰ ġ ֻ ,0
,  ̺   òϴ. Ŀǰ  ʾƿ.,0
,賿  ,0
,  ڸ,0
NAE LEE LEE (Nelly),"ǵ,  Ҹ ʹ ò  ......",0
Jinwoo Yoon,   ҷմϴ,0
KYUNGSU JU,  ...,0
,Ÿ  ,0
SkyFull S, .  Ѱ Ⱦϸ ,0
HY,"ġ ǹ, װ δ.  ޾Ƽ Դ  ġ  ͵ ذ   ;...1 1ϱ ֹ Ѵ ¼   ڸ  Ƽ      . ٽ  ʴ",0
D.i. Park (),ڸ մ ʹ  ,0
躸,ο並 Ͻô . ٴ尡 ĿǸ 缭 ø ƿʹ ϰ ĿǸ Ŵٱ⺸. ڸ  ƾϴ ϰ  ,0
, ʹ  մ   ټΰ ڸ ãƾ½Դϴ...ģϰ λ꿡   ٴ ǳε ̷ ؼ ϳ  ٸ Ƴ°...,0
Ȳ, ¹γ..ڸ մ ȵٵ 䱸 ؼ ŸαȵǴ°..氥α Ŀǵ Ʊ..ָ ſ,0
,  ȭǵĭ  ȭ ߸𸣰 ںе ۿ ٸ ִ󱸿 Ѻ ø ϰڴ󱸿 ǹ 3ε  ׷س ׸ е ŵ... ٴٴ عٴְٰΰͰƿ䳲̶׷  ׷ ⰡĿǸ Դϴ,0
myunghee Park,ʹ ġϰ ƿ Ա ⱸ   Ű   ϰ ص׳׿..  Ű  ΰ  ƹ ׷ ׷ ī䰡    ̵굵 ƴϰ.. ī   Ȥ  ٷȴ ų ִ°ǵ  ں̰ ̵ Ա ⱸó     ٷ Գ׿..,0
Gilbert Kim, ʹ  ڸ  ϴ Ŀ ֹ ޽ϴ. Ŀ ҵ ϰ ô  ɾϴ.  û ³ ° Դµ   ǸԴϴ. ᱹ Ŀ  20бٷ ܿ ڸ ҽϴ.  ٽÿ ʽϴ. ð и .   ƿ...,0
Kyunga Lee,  ~^^;;; õ µ...ؼ ׷ Ƽ  ϰ ڸ⵵ ...䵵  ٸĿǙ  ״ Ф̰ǹ ׸  ֿ...ΰ... ,0
̶, ѵ  ʹ  ò ̶ܿ  ߿ ȿ ο  ڸ   ׷׿. Ŀ  ΰ ڸ̵  ߵǸ ڴµ ʹ  Ƽ   Ȱ;.,0
Ȳ, Ӷؼ ٶ󺸸 Ŀܿ  оµ  ȣϴ° ½ϴ ǳ ׸  ׷ ׷ ãƿ ƴ  ڸġ Ǿְ ȭ մ ֹ Ͽ ϰ ȭ ϱ⿡ ֺ ʹ길ϰ òϴȭǵ 1 1ĭ... ű⵵ մϴ ѹ  ι Ȱ ;  ϱư  ϰ Ծ~,0
,Ŀ   ΰ ưƴ ǳ... 濪Ģ 𰡰  ĿǼ ü  ޴°ž. ڸ µ մ  ްٿԼ  ŷ ιٽô ,0
R Kim (Trip intoxication),  ǥ ٴ尡 ̴ ī.ʹ ؼ ׷ 𸣰  Ƽ   ʹ   Ҹ  ︲. ߿ܿ ִ     ɾֱ⿣ . ̼ µ Դٰ  ƴٴϴ° ߰. ٷγ.츮  = ò   ƴٴϴ ٴٺ̴ ī.,0
˰ڻ, ĿǸ Ÿ Ư¡̸ Ŀǰ  ΰƮ ݿ ϸ ־   ֽϴٿ  ϸ  0  ְ 䰡 Ƽ 1 帳ϴ.ι   °Դϴ,0
jason,īīʿ ı ݾƹȳ׿,0
TAEJU KO,ѹ   մ  ̻ . ٸð ٰ ٽ ȭ Ἥ ٽ ٰ  л.  ̷ ֳ;. ġ  ƴѵ. ݴ ,0
Amy̿,ʹ  ֹؾ Ա °͵ Դϴ. ට   Ա  ֹϰ ٰ ο󱸿,0
, ģ ġ̰,0
߲̾,ѹ  ; ī俴µ ־ ٰó  ־ 湮ϰ Ǿµ ι ȰīԴϴ 󶼿 Ƹ޸ī ׸ ī.  ״µ 븦 ʹ ſ  뿡 ġ¸̾ϴ 󶼴  ź ̳  ־ 񸰳 ¦ ϴ.ű⼭ Ǹ ѹ߰ 並  ߿ ڹ  µ Ӹī  ǿ ״ ־   Ѹ    ޴ 븸 ϰ ־ϴ ׸  ģ մϴٺϳ   ޷ ƹ͵  űٰ տ  ī ̽ũ  ȴ? ʹѰ ƴմϱ?ָ  մԵ κ ٵ  Ҹ ĿǸ̶ Ӹī лؼ µ  ̽ũ īݺ ȭ ¦  մ   ƴϰ  ϴٰ  ʳ? ̽ũ ׳ ޶  ƴ ʹ  巯  λ մԿ  ּ   ʾҳ׿Ϸķ ټ°ź ° Ա  ߴ ϸ  ̱ Ȥ Եȴٸ ҸѴٰ ӻ    ϱ ٶϴ ٴ尡 մ ϼž ɵٴ尡  ϳٰ 10ִ  մ,0
Jaeik Song,ֺ ٴٰġ ʹ ƿ. 㳪 ĳ  ǽü. ο ʴ 翡 ġϰ־  ϳ׿,0
MisTi Park,ڳฦ  մ ̵ õ ޷     ؾ߸ ϴ Ҵ.  Űũ ƴϴ. Ű   ǥõǾ ִµ  ̵  ٳ Ѵ. ڳฦ ϴ  鿡 ؼ ȵ ̴.    ϸ ĿǼν ġ . ָ ãư  .,0
Ű,"ָ  Դϴ. ڸ  ֹ/Ű ŵϴ.  ĿǸ  ڸ ãƾϰ ɾִ  Ŀǰ  ϳ ġ ϴ. Ŀǳ Ʈ  Ư , ׳ Ѱ ǹ Դϴ. ̷ ָ  ϴ..Ͽðų  Ҷ .   ̺Ϸص ؾȵΰ  ̺ ʱ ʰϴ.",0
E J,ݵ ѵٰ  ŵ ῡ ũ Ű δ  Ѱ Űµ ٰ´ٰ  ޷? ׷ ϳ شٰ    ,0
,  ΰ  ,0
ν, Ŀǵ  ġ±̿ ݾ׿ °  ÷ּ ڸ̵.. ؿԴ Ѥ,0
Juyoung Pyo,ġְ ʹƿ Ŀǵհ  īͿ ֹ޴ ں  ־Դϴ. ʹ гڳ׿ ֹϴµּմ׵½ξֱϴ°? Ŀֹ޴° ׷¥ô°  ֹϰھ?ٸеģϽŵŰںиմ׿ֽŰذȴ׿ Ӵٰ׺жиġ׿,0
SO JUNG KIM, ϰ . ڸ ֹϰ;µ ֹϸ ü ϰ. ֹ ڸ  ڸã ӵƴ.  ʹ  . κ. ̷ ׳  Ϸ ° ̾ ٴٰ ȵĿǸ ,0
ߵ,"   Ǵϱ ¯ΰ ڸ µ ĿǴ Ȱ... ڸ  Ŀֹϴ°  ο ؾ Ż ø ڴ ε..Ա ڸ ϴ ߻ϰ ֹ϶    뿡  ȳ  ̰  ƴѵ.. ǳϳ Դ , ð Ѱ   ִ»  ",0
ondine lee,ϰ ĿǸ ֹϰ ϵ簡 ڸ  ٰ ϰ.϶.ϵ簡̰ǹ Ա.ֹ ϸ  ϰ.ϰ մ.Ŀǵ ڸ ã ް  ٸ   ιٽ   ,0
ȣ,ϴ  ¥    ¥  Ŀǵ ϰԵ,0
E. Lee,"̺ Ŀ   ʹ ϴ  ϴ. α׿  ī      ãưµ,  11ÿ ̴. ̷ ʰ ϴ ī ó þ.   ī  ̰ ۿ ִ ũ  ϰ,  ٷȴٰ  Ա  ó    ٷ  ϸ鼭 ֹ ޴µ, 1 1ֹ ϸ  ϴ. 鵵  ģϰ.  ƴ϶  .... ٽô   ̴ϴ.",0
¿,5 . ĿǴ1...λ థ 鸣 ε ...  ...䰡 Կ츮°,0
rlatltjd, Ҵ մ  ó   ؼ ݵ ֹ ؾ  Ų   ѷ ͵ ȵȴٰ Ա   λ    Ѵ ο  ָ      ־   ̶   ֹ ϰڴٰ ص ȵȴٸ    Ĵٺ  ģ. ׷ ۿ  µ   ׳ Դ  ѹα ³~? ƴ   ڶ ΰ? ϴ   . 50     Դ Ⱑ ó̴ 2018.09.29. ǥ  °~??  Ʊ~ ־̴,0
б ȴ,  ᰡ ¥    ,0
, ģ.  . ٴ尡  ⿡ ٴٺ䰡 ̻۰͵ ƴϰ ҿ ڷ ҵ ̰. ׳ νŸ  ,0
,1 1 ޴ Ű     νɰ ī.    ν    .  0 ī,0
ȭ,ĿǸ ״...䰡  ..Ա 1 1 ƴϸ  ׿...ֹ  񽺴 ~,0
û (û),ݵ ΰ  Ŀ ֹϰ ޱ ø 15 ں 峭 Ѥ  ٱ۹ٱؼ   ֵ پٴϰ ܸ  ò ֱ׳  ..  丸 ز  ʹ ο,0
ȳ,ʹ ڸ ġοϸ鼭 Ŀǵ  ٷϳ׿;;;  Ȱ,0
ϸϹ,켱 ƽ  ! Ǻе ó  ׺ ñ ٷ.  ־! Դ¹  ˷ֽ.  Դ°ϱ ó ٴ尡 Ұ ſ :),0
," ¥ ־ ;;   ȳµ  Ǫ ϳ  7õ̸ ̶ ־ϴµ, νŸ      ..  ٻµ .. ̰ ó..   Ÿϴµ... ȸ ģ ϴ...  ׳ ̳  عٴ ʿ Ĵ Ǫ ξ ... ¥  Ʊ ѹ  ʹ ϸ      ٸԾôµ   ° .. ĿŸ ְ ߴµ....(?)   Ѹ    ..  ϰڽϴ... ¥ ־̴ϱ,,, ԰  Ⱦ..   ׿ سԵ ȮϽ ʷ ٰ Ͻô,, ",0
36," ʹ ģؼ !! (10/6) 13:55 濡 湮 ߽ϴ   칫 湮  Ǫ  Ϸ  ̿ϴ ׷   ƽϴ   в ƽ ö鼭 ٸ ȣȣ  ٴ  ˷ּ̾ϴ ׸ ÿ 湮ϰ Ǿ в ""򿡴 ٸ  ??~~""   Ŵ ״ µ  Ͻô󱸿  Ư¡ ְ  ̶. ׷  ""  ȣȣ  ٰ  ּ̾~~""   ش  ""װ ٸ  ""   Ͻô    װ ƴѵ 信   ڰ Ͻô󱸿 п  ƽϴ",0
Jen1272,Ƹ޸ī 翡. ݴ ׳ ׷. ⵵ ״̳׿.,0
tntnhawon,¥! ִٰ ְ ٽ 湮ؼ ԰ ؼ ! Ʈ  ϴµ ڶ  ޴ ٴ      ǥ  Ƽ Ұ ٸ ֱ ַ µ    ״  ..   ϴ Դ  ϴ ̾׿ 칵縮  ű߰  ż߾   ִ° ƴѰ ߴµ ⸦  !߽ϴ ڿ  ϰ ⿡ ΰ  ѰŶ   ְڱ ߾  ʰ ĹŰ°ſ Ȱ߽ϴ  ŷӰ  ۰  ٷ Ǫ 缭 ٷ  ƽ ִ° ƿ,1
,԰   ̻޴ϴ մԵ鵵 û Ƽ  ٷ  ִ Դϴ Ǫ  ε巴 칫縮      ϴ ڸ ĿŸ µ ڸ û մϴ     ~,1
H E N A,", Ŀ͵, ʴ 3  ߴµ Ŀ͵>>ʴ>>>>>  ־!   ο Ŀ͵   ް ־  ƿ.",1
Ʈ, ƿ!!  ִٸ ̶ ̽ ݿ ؼ ڼ ּ մϴ.,1
񿩴,Ʈ ̻̰ 뵵־ƿ,1
,Ź   µ ̹  ־ ⻼!! ¥ ε巴 ־! ĿŸ  ڴ ϰ ־!,1
ֽǹ, ʹ Ϳ (ĳͰ Ϳ!) ̶ Ǫ õմϴ! ʴµ Ŀ͵  ߴµ,1
jmy7133,"Ŀ͵ Ǫ, ʴ Ǫ,  Ǫ,  Ǫ ߴµ װ  ʹ ε巴 ־! δ ʴǪ ̿!   1ð ȿ ԾѴٴ°  ɸ Ȼ ٸ ñ ־. 칫ĳ ʹ ⿩. ??????????",1
̹̰,Ŀ͵尡   ־.. ϷȾԾϴ° ƽ Ф ڸ ذ ټ츸ؿ뤾 λ ο÷.. ȴٰ (Ǫ óѵ) ο° ̾ ФФФ,1
329, 칫~! Ǫ ε巴 ־,1
, ʹ ģϽó׿. մ  ٷ ߾.,1
ڰ,  Ű ؼ ټ ؾմϴ!   Ǫ ŭϰ  ־!,1
pre****,ڸ ʹ ϴµ Ǫ  ־! īŸ嵵    Ǫ  ־~!,1
ִ,"ĿŸ    Դ° õֽô󱸿. Ȯ   .  Ļ  ŸƮϰ  ٶ  ߰  θ  Ծµ   ̾. 칵縮 ̿   ȯģȭ̰ ,  Ҿ. δ  3  ڰ  ־ϴ. Կ ΰ ʹ Ϳ.  Ǹϴ  ־.    ̴ܼ Ͻñ. ѹ Ծ  ̶ մϴ.",1
ٷ, Ѹ پ˾Ҵµ  ڶ   ĿŸ ظ???? ֽϴ,1
wkaehfdl1,ū ̰ õ ̴ٺ   ٷȴٰ Ծ  Ʈ   . ģϰ  ְ ߽ϴ,1
Chokorake,忡 1  ѵǾ ־   ־   ߾  ð ϰ  ʾҰ  Ʈ  ģϰ 칫  ڰ ؼ ּ ׸ Դ   ֽôµ ! ĿŸ ʴ      Դ° õ̴ּµ  絵   ְ   ־ϴ,1
Ժ, ʹ ģؿФ  ô ̽ѵ ìּ̾! 濡     ֽϴ!  ְ!! ģ õ༭ Դµ ȸ ϴ ٸ ɿ μ  ΰ  絵   ƿ!   ִ Ϸ縸  մϴ,1
²,ó Ծµ ε巴 ־,1
ȭƫ,칵縮 Ǫ?? ʹ ʰ ־???,1
Ham53,ʴ ǿܷ ־ https://m.blog.naver.com/rlagoals1027/222881901902,1
½Ʈ,   ϳ  Ǫ  ѵ ־ İ  Ű ǰ µ  ʹ ׿,1
Ӿ1553, ߴµ ʹ ־! 񴩴  缼,1
̻,칫 Ծ ڷδ  ö ãư! Ǫ      ֱ! ĳ͵ ʹ Ϳ Ŀġ ϳ Ծ߾?? ֿ  ͺ??  ⺻ Ŀ͵  õմϴ??,1
15,    ̿ϸ ؿ!   ð   ׷ ʹ ִ Ǫ̿;),1
61,޴մϴ. ε巯 ƿ,1
56, µ ְ ߸Ծ ??,1
ۼ,!! 4 ݾ ٸ鼭 δ ־ ģϰ  ּż  ֽ    Ҵµ  Դ  ִ صǴ...,1
heeee02, ģϽñ Ǫ ޴ϴ ־??,1
,Ǫ  ־~??,1
¡޲,칫 ԰ ؼ  緯!,1
 , Ѹ  Ʈ Դϴ.,1
IٻI,   Ծ  ũ ! ̰ ñ״ó  Ŀ   ũ ϸ鼭 Ŀ   ʹ ־Ф   ģϼż   湮ϰ  ̿~^^,1
,"̱ũ Ʈ, Ŀ ν  ־! ׸   ̿",1
,ũ ְ ???? ģϼż Ҿ :),1
ǷnƮ,ġũ ¥ ־    Ծ!,1
5883, ־  Եǳ׿ ,1
5883, ־ ֿ ǿ !!,1
zini81,޴ . ʹ ־ ⵵ Ұ ~,1
2525, о ȭϱ 󱸿  ʰ!,1
der****, ׸ ִ Ŀ. ݵ ϴ.,1
,Ŀ˸ε ޴ޱϰ Ʈ Ŀ Ѵ   㿡 ũ Ӱź,1
jeunii,÷ȭƮ  ־????,1
mint9331, о     ν ũ ־ ,1
ײ޳,ν ¥ ־ ̤ ڶ󶼵 ־ ǳ  ,1
 ,"ũ ġ,    ֳ׿. ġ Ϲ, ̴  ũ̿",1
,Ŀǰ ¥ ־~  Ŀ ϴµ   ̿~  ִ Ŀ ż   ׿! ׸ û ־!,1
,,1
dld****,øΰ  Ƽũ ־,1
,ν ±!,1
ƴ83,ü մϴ,1
chs****,ѳ ־ ־ ãư īԴϴ,1
ڷ, ī ְ.  ٳ ᱹ ٽ ξƿ  ˴ϴ٤ Ŀǵ ְ ⵵ ƿ,1
,ƿ,1
8097,ũ ʹʹ ־ ?? ٴҶ󶼶 ڶ󶼵 ְ  ̽ϴ е鵵  ģϼ ?? ߿    湮ҰԿ~~????,1
Ű帲,ѳ־zzz,1
ũ02,Good,1
nykorea0,,1
ڹ,ƿ,1
,ī ̿,1
,־,1
lys****,??,1
green9999,ƿ^^,1
󶼿,Ŀ Ƽũ ũƿ  ־^^,1
,,1
kit3626,־,1
cvy****, ö 鸮 ̿:) 忡     ־ ټ ð ְ  ֺ ãƾ  ģ  ϴ Դϴ. Ǫ  µ ڰ ε 쵵Ű Բ Ǹϰ ־ ε Ϸ  ߳׿! :),1
duc****,,1
Ű39,"ũ, Ŀ ־",1
Skdlxlflzlfl,ī,1
wis****,ƿ,1
ٸ,ƿ??,1
68, ũ???? ʹ־  źϸ鼭 Ծϴ!,1
delb1004,,1
ez9828,ƿ,1
8870,ƿ,1
qb****,־ õ,1
Ʒ777,ûؿ,1
¯,־,1
ää4838, Ʈ ־~! ο ٻϰ ༭ ϴ,1
 ,־,1
groouy4,ũĿ  ִ ,1
han****,ƿ,1
20lyl20,׸ ̻! ĿǴ ?!,1
6682,ƿ,1
Ģ," , Ŀǰ ¥ ֳ׿~~",1
vut****, ־ ^^,1
ʸ,Ŀ ְ ڸ ؼ ƿ!,1
𸶵,ְ ϴ,1
khe****,ƿ,1
sunshine1343,ƿ,1
71,ȭ  ־,1
wyo****,ģϼ,1
ang****,,1
prasus,׸ ְ Ų  ũ  ־~,1
һ,ĿǸ־,1
ƴг¥,,1
1040, Ŀ Դϴ????,1
Jerryvely, ũ ־ Ʈũ󶼵 ְ Ƹ޸ī   ,1
neroomi,"ڷγ  ũƿߴµ, ⵵  Ŀǰ ־! ũ Ŀ ȭ ҽϴ??",1
뿹52,:) ־,1
48,⵵  ־,1
coco43,ְ ī䰡 !,1
,"ι,    ī ξƿ̶ ж ۿ ° ƿ",1
3878,νε ̽ũ Դ ˾Ѿ ũ ˵ϴ ־ :) ũ ٸ԰ Ŀ  ,1
wlg****,¥ νг  λ νгʿ ϸ־,1
ֺ̹̾,ũ ־.,1
ssambak102,Ŀǰ Ư,1
6682,־,1
mii5129,õ,1
6875,ƿ,1
Ƹٿ93,־,1
canibuu,ī   ƿ  ־,1
4796,Ŀ ־ :),1
hye3396,ν ־! ũ 9000,1
,־   ־,1
JyJ,ؿ ν ־!,1
asl****,¥־! óٴϤФ ƮȲġ ٴ ¬©  ǿ!! ȲġϽôºе   弼!,1
÷5,   ī俴µ  ٰ ¼    ̰ ڵ鵵 û 淡 游 ϰ Դٰ ĥ  ãư   鸱  ְ Ǿµ  ŭ ְ ϴ.,1
1475,ũ  پؼ Դ ̰ ־!  ũ ŭϰ ޴ޱϴ ʹ  ϴ.,1
ôôڻڹڻ,"ϴ   , ᵵ  ؼ  ƿ. ƾ   ؼ ϴ    Ǽ ְ ƿ ",1
̸61,ũ  Ƽ ϴ ֳ̰׿ ϳ ڰ  Ƽ   ͳ׿!!  ũ ϸ  ; ھ ??,1
Lapinchu, ƿ  ī信 Ĵ     ־ ٸԾ ׷ ݶ ڸ̵ ׾,1
̸̹59,"̹ Ż ũ Գ׿!   ε ʹ ⻵?? ũ  ̷ ְ    ֳ,,,????",1
ȿ, Ǹŵ Բϰ ִ ũ  ϴ ũ  ~   ¥ ϳ   ..  ũ ʹ  ..,1
7,ũ ¥ ŭؿ! ŭŭ ̶ Ŀ Ƕ Ծ ԰ Ǵ ̿!,1
Dam33,쿬 ũ Դٰ ˰  ε. ķε   Ϸ Ϳ.,1
ydyj1010,޴ Ʈ Ϸ ̿! ũ ʹ ־  ɟ   ؼ ƿ! ڸ ؼ ٶ  ƿ!,1
8657, ũ  ־..?? ݶ ũ  Ʈ  ũ ö󰡼   ..,1
2233,о ũ !! ־!!Ƹ޸ī ̰  ũ  !Ƕũ ε巯鼭 ϱ ƮȲġ ٴؼ ¥¥ ־??ȲġŰ ڱ  İ ٴϰ Ȳġ ؼ ־!!Ű  ׿?? Ȳġ §  ϰ  ѷϰ  ° ƿ Ȳġ ??ġڵ ġũκ ٴϰ ̻ Ĩ  ޴ϰ ߰ ̶ ũ ־ ȭ  ƿ??ٸ ġũ  ! ũ  ϰ ũ ķؼ ְ Ʈ  ε巯!??θӽϹũڽ ȿ ũ  ־   ű̿?? ٴũ ε巯ũ Ű  ־????,1
35,پ  ũ ~~~û ƿ! Ȳġ ũ õ Ƽ Ծµ ȿ ġκ β Դ  ־!!,1
Ŭ,"ũ, Ű  ¥  ťġ 6  ϸ Ȧũó ְ, ʵ Ǹؼ  Ƽ ũε ƿ.",1
ġ89,ũ  ƿ.ȯ ǰ ƿ ־,1
zxc****,"Ȳġó 巯,,,, μŸ  Ÿ Ծ,,, ʹ ǰ,,, ũ ٸ鵵  վ,, ǿ÷><",1
Ǽ,̶  ī  ũ󶼶 ڸġ   ̰  ũ Ƽ   ſ^^ ũ ִٰ ̰ ߸Ծ,1
Babbit,"ֺ  ־ 쿬 Դµ ũ  ʹ ־,,  湮 ϰ ;??",1
ΰ4252,Ʈ   !!  ũ  ѵ ձ  ݿ  û ƿ..!! Ʈ ʹ ־  鸮;,1
޿90,е鵵 ¯ģϽð  ¥ ƿ!!! ????  ¥ ֽϴ,1
xhd****,̽Ƹ޸ī ؿ!! Ʈ     ʹ ֽϴ~,1
yeon ii,ī䰡 Ͽ ڸ ־ о Ұ    ֱ ûϷ ż   ϰ Ǵ° Ҿ,1
MAUM,ġڸ ϴ ֱ ũ ϰ ٻϴ ϴ??,1
ELIN98,Ʈ    ־. Ŀǵ ְ  ᵵ ϳ  ֳ׿. Դ³ ~~ ־~ ϰ Ǵ ,1
noeyhaeel,"ڰ ڰ ϴ ε  ͺ ! ׷ڴ ׷ϰ ڸ ȭ  ư,,, ȭġ ġ ٴϰ ־",1
tkd****,ι° 湮ε ũ  پϰ ־!!  о   ƿ õմϴ,1
ϸ16,ũ  û پϰ ־̴ ũ  ƿ! ᵵ ְ Ű  峪 Ű ־!!,1
ѻ907,ҵ ڰ ũ ְ ᵵ  ־????,1
ġ74,⵵ ϰ ڰ ǫؿ ׸ ũ  ¥ پϰ ־!!,1
2786,Ʈ Ȳġ  Ա  ũ̶ ʹ ߾ ȲȦ  ũ  پϰ   ƿ  ʹ ־ Ʈ Ȳġ,1
sun242,ʹ ģϽð ־_><,1
5383,۳⿡ 쿬 ȴٰ Ʈ ְ Ծ   ־   °  Ʈ ԰ִ  ó ʹ ֳ׿!,1
1124,ں ũ Ƹ޸ī Բ Ծ ! ־~????,1
lck****,ᵵ ְ  پ Ʈ! ũ ־ ؿ ׸ ڰ ϰ о ƿ:),1
poi****,Ʈ̿䢽 ɟ ϳ ־  ĿǶ ᵵ ־!,1
¥,"ҹ ãƿԴµ, ũ ʹ ڴ !!",1
1845,óµ Ʈ ְ ⵵ ؼ ģ   ̿   ƿ!   õ!!!,1
¯, ũ   ,1
⵵,Ƕũ ũ մϴ  ̰   ;...,1
24,ִ Ʈ ѳ ƿ... ??????? ????????   Ͱ ϴ ,1
,ũƼ ¥ ־! ũݶ Ա⿡ ī󶼰  Ҿ,1
ϴ77,̽ ִ ũ ־ ¥ ̿ 䡦,1
i555,ũ ִ ī????,1
csi880254,ģ Դµ   û  ʹ ְ ܼ   û߾Ф   ڽϴ!:),1
 ܹ ,¥  ɟ Ѱ?? ϳ   ȸ.. ٴ Ʈ Ȳġ   ȸ ʾƿ䤾,1
dpflathd,׻ ̿ϴ ť!! Ʈ ¥ʹ ־ ,1
hyeriJ,Ʈ  پϰ ũ ̿?? 綯涧 Ϸ õ,1
ϴϷ,  ģϼ. ־̴ Ʈ  Ƽ    ϰԵǴ ̿ Ф,1
ʸa,Ʈ ִؼ 湮غҴµ ũõ ΰ :) پ ũ    ư° Ƹ̶  ܸ,1
Ȳ4112,¥ Ʈ ũ ƾ ־    ϴ!! ۱  ʹ ο.... ⼭ ..  ũ Ծؿ ũ..,1
䲤9044,ϱ ִ  ûû о ~ ϳ  Ծ   ϰ 䤾 ֿͼ  Ծͳ׿!,1
asd16,ũ  û   ܿ Ű ᰡ  غǾ־! ʵ ־   緯 Űƿ :),1
ִ27,ݶ Ծ Ծ ֳ׿ ????,1
wls****,ũ  ̿! ö 1 1ũ ʼ!! ־  ְ!!,1
darkangel9115, Ʈ   ε  븦   ̾!,1
ڸ8757, ũ  ĵ ־,1
mg****,  ũ . ¥   ¯¯~~,1
gotjsdk793074,ũ   پϰ  ʹ ־!!! ҵ а ͵ ־ ǻ 100%Դϴ!^^,1
353,ĵ Ƽ ׿  ٰϴ,1
Sia831,ũ  ʹʹ پϰ  ư  ???? ũ ־ ٸ Ծ  ־ ̷ο,1
̿, ʹ ְ  ũ ̿!! ũ ԰  ׻  Ϳ ũ Ȳġ ũ ְ Ȳġ ,1
 ֿ,ι° 湮մϴ! ũ 鼭   ִ   µ е鵵 ģϽð ϰ   ־ ƿ ??,1
̶21,¥  ʹ־ ﵿ ö Եǳ׿!!!  ̿!!!!!!,1
330,ൿ ũ ťġ!!! ũ  ʹ  ְ ¼ о ƿ??,1
׷̽7528, ԰ ϴ! ɟ   ־.,1
ڷ,  ׻ 鸮 Դϴ~ Ȳġ   ϴµ ̰ ũ   Ű   ־ ?? Ȳġ Ͻô е  õ...,1
S2,մµ  ֹ ũ  ٳ׿   ܰ Ͻô  õ Ŀǵ ְ ĵ ǫؿ,1
׳ ,¥ ũ  ãƿԴµ ǿܷ 嵵 а Ҿ,1
ٴٶ,ʹ  ũ !!  Ծ??,1
, ¯ ־! ڸ ٸԾ  ׿  ¯..,1
DUSRHC, ʱ????,1
Τ,ũ Դϴ!! 嵵 а Ⱑ ƴؼ  ֱ ҽϴ??,1
,ũ   ־ ʹ?? Դٰ ְ ԰ о ɾƼ ȭϱ Ҿ,1
15,ũ ް ־! мĸ ʹ ޾ Ƹ޸ī ߽ϴ????,1
Ե,ũ Ծ ־!  پϰ ٸ־ !,1
,ũ~ ŭؿ!! ť? ΰ?! ־!!!,1
̷, ̿. 3̼ Ծ ƿ^^5  Ǵ° ƿ. 翡   !,1
jenn50181,ι° 湮ε ũ ũ ¥ ũ ־~  ũ ־!!,1
ruby82,ũ   ƿ,1
71,ڸ ~~ Ծ ʹ ƿ ᵵ ڰ ְԳͼ ! :) Ʒ  ¼ а ؿ,1
丮,ᵵ ְ ģϽʴϴ,1
hae****,ũ û ũ  ƿ!! ᵵ ϳ ְ ؼ ɾƼ ε̶ ð ⿡ ϴ!,1
mno****,پ ũ  ĿǸԴϴ. ũ ִ° ̱! ׸ ʹ ڰ Ͽ ƴϰ    ſ! âϼ,1
39,ũ ¥ Ƽ ູ ο ׿....,1
̴,ģϽð.. ũ ־^^,1
峪3,ᵵ ־ ũ  ־! ߿ ȸ ȴٸ   ;.,1
85,Ŀ 絵  Ʈ ¥ ־ !! ??,1
90,ũ ¯ ־!!!,1
ּ53, ; .. 湮.. ũ ְ Ŀ  ְ մԵ鵵 û ׿~~~ ũ  Ƽ ƿ..,1
̾,  Ʈ  о  ѳ ־ ????,1
95, ũ  δ   ־ϴ.??. û⵵ ־ Ⱑ  ؿ,1
޲ٴ7714,Ʈ  ׻  ̿~   ̵   Ʈ Ա ٶ    ð ³׿~ ťġ ť??,1
ROSIE52,ϴ ũ̶   Խϴ.  ũ ũ ִٰ ֿ  ڴ! !!! ..׸Ƽݶ Ƿ ؼ ..ٴ...,1
׳,ī ãƺٰ ũ ־ ʹ     ְڴ ϰ Դµ ߴ   ŭ ʹ ־?? ġڵ...,1
̸92,"ī䰡  û а Ʈ  ǰ  ! ũ 28 ִµ ϳ  ڰ ־ ,,",1
9,ĿǶ ᵵ ִµ  ƾ䡦. ġ    弼!!??????,1
6691,Ʈ  û پϰ û ־ ?? Ŀǵ ְ ī䵵 !,1
RYU6166,ũ  ¥  ϳ  ־! ׸ ϰ ƿ!,1
 15,"Ʈ   ־. ũ . 1 â̶ ⵵ , ϴ Ŀ Ⱑ ƿ.",1
ϰ38,׻ ϰ Դ ťġ !  ũ ̰  ǿ!   !,1
츮ι,׻ ֿϴ ťġ!! ־     ɴ ƴ ťġԴϴ ??????,1
,ũ   ׸ Ʊڱؼ ʹ Ϳ   λ ,1
縰,ũ Ű   ׿!! ģ ũ Ϸ Դµ   ƿ :),1
zzangmingji,Ϻ  ..  ͵ ܸ̿??,1
ĥ88,ι° 湮Դϴ. Ͽ ڸ ڸִ° νŸ  Ͱ ͵ ޴ϸ鼭 ε巯 Ʈ ϴºе ø   ƿ,1
279, پϰ  ־  ϴ!!  ũ ԰   湮Ͻñ ٶ~~,1
74,ũ ö ũ  Ŀǵ ؿ   ī δ,1
18,ƮԴϴ  ƿ,1
Ʈ,׷ ũ  ־!! ??  ׷̶ ŭ  ʹ  ! 湮ǻ   ټ!! ??????????,1
ֿ67,ֹ  ģϰ ּż   ֹ   ־!!,1
۱Կ,ʹ ִ ī Ʈ  ʹ  ־   Ʈ  Ŵϴ    ⿡   ̶ϴ,1
cun****,Ȳ۹ ε Ծ  ޴ ׿~  ũ   鼭 Ѹ!!,1
rbt****,ֿīε ϴ е ʹ ģϼ! ׸ ī⵵ ϰ ũ  û ƿ,1
JJU1,"  õ̿.  Դٰ ʹ ־    㿡 ￡ Ծ,,, ðԿФ",1
ȣ,  õ Գ׿~~ ־ ̵嵵 ֳ׿^^,1
99,ϴ ī俹  ɴϴ!,1
34,԰б ׸ ̻~~  ڸ  ϱ ƺ~?????? ũ  ո??,1
sy9ood,嵵 а ޴ Ƽ ƿ! ٻڽٵ ģϽó׿~~  ־ !!!,1
joj8705,԰Ÿ  ڸ о  ̾߱ϰ   ־   ī俹!,1
ǳ78,׷ũ  ʰ ε巴   ޽ Դϴ^^ ù 湮ε   ׿,1
jh980429, ũԴϴ  û Ƽ ׻ ?? ׸Ƽ ݶ ÷ε ̰͵ ־ ,1
伷, ͼ  ͺ; ̶  ԰ ޷Դµ ¼ ϰ Ʈ ѳ ־䤾- 㿡  湮ϰͳ׿ !! 䵵  ±??,1
milly11,Ÿ޴ ũ Ծ!   ܰܰ!! õ̿!,1
5980, ũ  !    ̿  ԰ʹ..!!!,1
52,"ũ ʹ ε巴 ־.,!!  û ., λ꿡 Դµ ؼ   ſФ",1
hye****,û  µ ׻ ־!! ũ    ̶ ٸ ¥ پϰ  ũ ϸ մϴ!!,1
̹,  ťġ ְΰ ƿ!!!   ־̰ ģϼ??  ǿðԿ,1
̴ġ,Ʈ  پϰ ־  鸮 ̿. ־ :),1
14, ̻ڰ Ʈ  ƿ!,1
48, ¥ Ƽ ƿ Ф   Դϴ!,1
8514,־!!! Ʈ ¯  ϵ ־  û ũ  ¯ ؿ! ٽ ~ 湮ϰڼϴ!,1
͸ Ƹٿ81,ũ Ű ʹ ְ  پؼ ʹ ƿ ¥ ʹ ڰ ִ ī????????,1
wjddus21a,̶ؼ Ծ. û Ƽ ܿ ڸ Գ׿. ũ  û ƿ.޴ϴ ĿǶ Ա ^^,1
egg,Ʈ ʹ پϰ ¼ ؼ    ƿ ±????????,1
1023,߱û ְ ũ,1
浿,ũ  ְ  ޴ پϰ 鵵 ģؿ,1
οũƼ,ũ ʹ ְ  ¯ ־! ٳֽ ¯̿,1
yeonsoo,"ɟ  û , Ű ־!!",1
SJstarSJ,ũ ¥ ֳ׿~~ó 湮ε   Ƽ ڸ  ҳ׿!! ũ    Ծ ͳ׿~~^^  ļ!!,1
Intp,ũ ʹ ־!!!! û پϰ ŭؿ~~!,1
8690, ִ ťġ  ᵵ ִµ ũ ¯¯ ̿ ~~~,1
°ļ,޴Ѱ 涧 ƿ~~  ûƼ ٸԾ Ծ ǪٿФФФ,1
sal****,"׻   ʹ ־ û а Ʈ,   ְ ؿ! ũ   ׸ŭ ũ  Ʊ ʾƿ",1
 12,̾Ʈ׿!!! ũⰡ Ŀ^^ 3κ̶ µ ׸ Ա⿡ ֳ˳ؿ.   Ծ  Ϻ ߿ ְ~,1
ΰา94,ģ õ óԴµ ʹ Ƽ  ã   ׿! ͵Ƽ  ٴ...  ᵵ ֳ׿!,1
νŹ̷11,â ũ  ־ ʹ ƿ!     ֳ׿!!! 湮 ǻ ֽϴ^^ â ϼ!!!,1
96,ũٿ־  ũԾ ᵵ ũ ־!,1
32,  ִµ Ʈ ʹ ־  湮 ߾?? ǳ ãƿ Դϴ !!????,1
Ͽ3682,ũ ־!! ƾƵ ٸ   ƿ!!,1
ڼ74,͵ ϰ  ҷ ְ! Ʈ  پؼ ε ູ ε ʹ  ູ ̿! ׻ մϴ??,1
798, ã . ɴ ƴ϶ ⤻ ɟ ,1
43, ũ û ־̰ ó ͺµ ģ  ͼ Դ ǵ ī ⵵   ʹ  Ƶ û ޾Ƽ   ǿ,1
ٴ37,Ʈ ʹ ڰ ־.  ʹʹ ѵ ڸ ˳ϰ ̺  о ؿ!,1
krimyeeOI,"嵵 а Ե ʹ ģϽð ũ, Ư  ¥ .. ڿ Ŀ ̶ ..,   Ƽ     ƿ ??",1
ǥӸߵ,ũ ! ׻ ְ ԰ֽϴ:),1
loveloveazz,پ Ʈ ູϴ٢ʹູؿ!,1
6784, ¥ ƿ! ũ ó Ծô´ ʹ ְ ׿  㿡 ģ̶  ðԿ~,1
BB7114, ɟ Ծµ ʹ ־ Ŵ  .. ִµ  Ը  ְ !! ѳ ִ ~~??????,1
os****,  ī信 .. ־ ????,1
Ǯ,Ŀǵ Ʈ  ־!,1
mini27,Ȳġũ ؼ Ծ ;µ ¥ ־!   ˾Ҵµ  δ  ,1
HYUN22, ũ ε  ó Ű Ծµ ¯ ־ Ф   湮ҰԿ !  е鵵 ģؼ  Ϳ ><,1
ε,ũ ϰ ־! ġڸ ᵵ Ưְ ׿(???),1
ձ۵ձ73,ó ͼ Ծµ ũ ȴް ε巴 ʹ ־ ũ  پؼ ٸ ũ Ծ߰ھ ^^,1
ahr****,ʹ ־! ũ ոִ!!!!,1
5,־. ͵ 絵 ˳ϰ ⵵ ƿ.,1
ù74,ũ ̳׿ еģϽð ڸվ ϰ ϴ,1
ŰŰ1473, ũ   ϳ  ־  ޴ ص  ʾƿ õմϴ,1
ϰ ູϰ,Ȳġ ʹ ¥ ؼ  屸 θӽ ε巴 ־,1
2613422,ȸԾf ,1
eos****,ũ ְ  ƿ 嵵 ϰ е鵵 ģ,1
39,    Դϴ ־????,1
ghkdtjdwls1184,  ƿ! ϸԴϴ,1
 ֿ,ĿǾ絵  ġũ  ʹ ־ ??,1
ġġϴ, ͼ ũ  ã ٴѰ߿ Ⱑ  ־׿. Ư Ȳġ ũ ʹ .^^,1
5648,Ƹ޸ī ֱ Ű ʹ ־~ ɟ嵵 ʹ ־̳׿Ф,1
óRIM,"ٳ~~ ʹ ־  ͽīġ ī,÷ Ծôµ ¥ ־ ",1
Jagyeong62, ¥ Ʈ̿!!  ũ  ־!,1
hlk****,ģ̶ 湮޴µ ϰ ٶ ñ ׿! ǿ;~,1
or****,"    Ưϰ, ־䤾 Ư Ѹŭ մ Ƽ õ  ִ° ,  嵵 ̵ Ͻô. پϰ  ƿ.",1
¯97,Űƿ!  ʹ̻ ,1
als****,ģϰ ϰ ũ  ¯ ƿ!  ̶ ؼ Ծµ ־!  ũ 緯  ðſ!!!!!,1
赵7573,ũ Ưϰ پؿ,1
ȣ3,ũ  پϰ 嵵а ƿ~ĿǸ޴ ũ ƿϸ õ ε ݴϴ,1
̰17,ũ Ա  ޷Խϴ...  Ȱ ⸸ ص ູϱ  ູؿ??,1
25, ũ ʹ ģؿ ! ɟ  ƿ ! ֽϴ !!ﵿ ī õ̿,1
Ҽ65,ѹ ־!! ٸ      ũ  ʹ پؼ ູؿ,1
yuinnm,ī䰡 ũ  ׻ ƿ! ׸ŭ ũ Ŀǰ ־Ф??????,1
i555,ģϱ ִ ޴  ??,1
,Ʈ  ִ°̿??     ´ٰ ϳ׿䤾  ðԿ䤾,1
use****,¥ Ʈ õ ǻ  õ   ٸ־ پ̶̤̤ġ ְ̤,1
kayaguem71,޴   ̶  ԰   ں~~    ְ??????,1
69,¥ Ʈ   Ŀǵ ʹ ־,1
HI35, !! ڸ а  !! ģ鳢     ź⸦!!! !!,1
62,ģ õ ް Դµ ũ ʹ ֳ׿!  Ƽ µ û ߾  + ũ   ־~!!,1
  ,ũ ¥ ־? ũ !,1
Һ73,"ũ ʹ ϰ ־,,,,",1
79,ũ   ʹ ̻,1
ƿ,԰ ũ Ʈ پϰ еʹ ģؿ䢾?,1
gli****,ɟ̶ؼ Դµ ɟ ɟ嵵  ŭؿ!!,1
ũõ,Ʃ    ־ ƴ!!! ϰ ãƿԴ  ǹ ־  ļ̤ 2 Ⱑ ʹ ʹ ...,1
ɴ,ٴ ũ ðź ~,1
ױ,ũ  پϰ  ʹ    ~ī  а ؼ ׿,1
躣, ̶  ɟ 緯 Ծ䢽,1
khj****,õ ũ ְ Ծϴ??,1
67,߱û  ī  ťġ!  ͵ ְ е ģؿ!,1
gpf****,  û ƿ!!  Ѽ Ծô   ־ ٸ ͵鵵 Ծ; ī ε а    ׿??,1
ֿ,ƮȲġ   ֳ׿ ??,1
6985,׸ ̻ڰ Ŀǵ  ־!!!!,1
ϳ97,ɟ ԰ O°. Ŀǵ  о ƿ.,1
,ũ   Ƽ ϴ ޴   ߴµ ģϰ  ˷ֽô󱸿 ũ   ѳ  ־̤̤,1
61,ũ ̶ ҹ Ծ  ũ  ׷̼ݶε ׷ ƾ ݶ ٴ  ƾ䡦     ,1
dessertlover, ũ  ãٰ °ǵ ¥ ־!!,1
kyo****, ġ ְ ֳ׿~ ñ״ а ־~~,1
˶˳, տ ־ 䰡 Ұ ٵ ¼   Ƽ ! Ư ۿ û ƿ ¼~! ġ濡̵ ̴µ ʹ ־!!,1
ұƾ,ñ״ó Ŀǿ Ŀ͵ ũ Ʈ õԴϴپ!   ±!,1
26,  ±,1
ѻѹ,"ǳ ???? ۶,, ʹ ڰ,,Դϴ????",1
222****,䰡 ƿ Էΰ ʹ Ƽ ʺڴ  ~~,1
Morena,  ΰ ϳ   ī ǳ  ߾??  Ҿ ְ,1
3878, ׿. ġ  Ŀ  ׿,1
Gayeonee,"䰡 ~~    ̰,   湮ؼ  ߽ϴ",1
4520,    ! ǳ ׿,1
մ6445, ; ̿    ֱ ϰ  Ҿ,1
ھ, ± Ѱ   Ҿ!??,1
551,ÿѳ ߿ܿ ɾƼ  䵵  ƾ!,1
13, Ƽ Ѱ  䵵  ĿǸ Ҿ,1
ݽ,ī䰡 ʹ ڰ 䵵 ƿ! ε  ũ ־   Ҿ??,1
1434,-! ¥ Լ̿ ִµ    ãƵ ô ű ...    īԴϴ..   ư,1
sor****,ñ״ó а Ӵµ ˹󶼵 ־!! ֱ⵵߸Ծ  Ծ׿^^,1
׸,  ؼ ߿ڸ ɾƼ   ƿ ;),1
160,   ɾ ֱ⸸ص  Ǵ ??,1
Ǹ,   ʹ ƿ,1
ڻ績,"  Ƶ, ڸ  Ƶ,    ͼ ɾ   ~ ġ, ûҽҼ  ̻ , Ŀǵ ᵵ  ̻",1
sgj****,  ġ ʹ ƿ,1
271214,̿. Ŀǵ ־!!,1
Կ,׿...,0
